file,people
vlcsnap-2019-09-18-15h28m45s004,0
vlcsnap-2019-09-18-15h28m48s246,3
vlcsnap-2019-09-18-15h28m53s459,2
vlcsnap-2019-09-18-15h28m56s549,1
vlcsnap-2019-09-18-15h28m59s716,0
vlcsnap-2019-09-18-15h29m02s800,0
vlcsnap-2019-09-18-15h29m07s075,0
vlcsnap-2019-09-18-15h29m09s822,0
vlcsnap-2019-09-18-15h29m53s658,0
vlcsnap-2019-09-18-15h29m55s996,0
vlcsnap-2019-09-18-15h29m58s983,0
vlcsnap-2019-09-18-15h30m04s516,0
vlcsnap-2019-09-18-15h30m08s341,0
vlcsnap-2019-09-18-15h30m10s831,1
vlcsnap-2019-09-18-15h30m14s427,1
vlcsnap-2019-09-18-15h30m18s514,1
vlcsnap-2019-09-18-15h30m21s793,0
vlcsnap-2019-09-18-15h30m26s578,0
vlcsnap-2019-09-18-15h30m30s030,0
vlcsnap-2019-09-18-15h30m34s568,0
vlcsnap-2019-09-18-15h30m38s719,0
vlcsnap-2019-09-18-15h30m41s824,0
vlcsnap-2019-09-18-15h30m45s964,0
vlcsnap-2019-09-18-15h30m52s387,0
vlcsnap-2019-09-18-15h30m56s887,0
vlcsnap-2019-09-18-15h31m01s730,0
vlcsnap-2019-09-18-15h31m06s054,0
vlcsnap-2019-09-18-15h31m08s950,0
vlcsnap-2019-09-18-15h31m12s436,0
vlcsnap-2019-09-18-15h31m15s131,0
vlcsnap-2019-09-18-15h31m18s311,0
vlcsnap-2019-09-18-15h31m21s581,0
vlcsnap-2019-09-18-15h31m24s472,0
vlcsnap-2019-09-18-15h31m27s982,0
vlcsnap-2019-09-18-15h31m33s062,0
vlcsnap-2019-09-18-15h31m36s209,0
vlcsnap-2019-09-18-15h31m39s687,0
vlcsnap-2019-09-18-15h31m42s613,0
vlcsnap-2019-09-18-15h31m46s538,0
vlcsnap-2019-09-18-15h31m50s589,0
vlcsnap-2019-09-18-15h31m54s031,0
vlcsnap-2019-09-18-15h31m57s309,0
vlcsnap-2019-09-18-15h32m00s743,0
vlcsnap-2019-09-18-15h32m04s154,0
vlcsnap-2019-09-18-15h32m07s632,0
vlcsnap-2019-09-18-15h32m12s944,0
vlcsnap-2019-09-18-15h32m16s385,0
vlcsnap-2019-09-18-15h32m19s875,0
vlcsnap-2019-09-18-15h32m23s000,0
vlcsnap-2019-09-18-15h32m26s500,0
vlcsnap-2019-09-18-15h32m32s053,0
vlcsnap-2019-09-18-15h32m36s729,0
vlcsnap-2019-09-18-15h32m39s684,0
vlcsnap-2019-09-18-15h32m43s581,0
vlcsnap-2019-09-18-15h32m48s173,0
vlcsnap-2019-09-18-15h32m54s105,0
vlcsnap-2019-09-18-15h32m58s147,0
vlcsnap-2019-09-18-15h33m02s303,0
vlcsnap-2019-09-18-15h33m05s988,0
vlcsnap-2019-09-18-15h33m09s521,0
vlcsnap-2019-09-18-15h33m13s516,0
vlcsnap-2019-09-18-15h33m17s375,0
vlcsnap-2019-10-24-14h28m29s207,0
vlcsnap-2019-10-24-14h28m41s602,0
vlcsnap-2019-10-24-14h28m46s575,0
vlcsnap-2019-10-24-14h28m52s719,0
vlcsnap-2019-10-24-14h29m04s518,0
vlcsnap-2019-10-24-14h29m22s779,0
vlcsnap-2019-10-24-14h29m40s913,0
vlcsnap-2019-10-24-14h29m47s797,0
vlcsnap-2019-10-24-14h29m56s892,0
vlcsnap-2019-10-24-14h30m07s784,0
vlcsnap-2019-10-24-14h31m50s432,0
vlcsnap-2019-09-18-14h48m16s032,0
vlcsnap-2019-09-18-14h48m21s729,0
vlcsnap-2019-09-18-14h48m25s515,2
vlcsnap-2019-09-18-14h48m30s358,0
vlcsnap-2019-09-18-14h48m33s378,0
vlcsnap-2019-09-18-14h48m40s042,0
vlcsnap-2019-09-18-14h48m45s873,0
vlcsnap-2019-09-18-14h48m51s731,0
vlcsnap-2019-09-18-14h48m56s605,1
vlcsnap-2019-09-18-14h49m00s669,0
vlcsnap-2019-09-18-14h49m05s073,0
vlcsnap-2019-09-18-14h49m10s435,0
vlcsnap-2019-09-18-14h49m20s461,0
vlcsnap-2019-09-18-14h49m24s366,0
vlcsnap-2019-09-18-14h49m30s033,0
vlcsnap-2019-09-18-14h49m33s050,1
vlcsnap-2019-09-18-14h49m35s142,0
vlcsnap-2019-09-18-14h49m39s823,0
vlcsnap-2019-09-18-14h49m44s338,0
vlcsnap-2019-09-18-14h49m51s871,0
vlcsnap-2019-09-18-14h49m57s468,2
vlcsnap-2019-09-18-14h50m04s755,2
vlcsnap-2019-09-18-14h50m09s553,0
vlcsnap-2019-09-18-14h50m13s006,0
vlcsnap-2019-09-18-14h50m17s978,0
vlcsnap-2019-09-18-14h50m24s167,0
vlcsnap-2019-09-18-14h50m31s800,0
vlcsnap-2019-09-18-14h50m39s717,0
vlcsnap-2019-09-18-14h50m45s059,0
vlcsnap-2019-09-18-14h50m49s895,0
vlcsnap-2019-09-18-14h50m56s757,0
vlcsnap-2019-09-18-14h51m01s294,0
vlcsnap-2019-09-18-14h51m06s062,0
vlcsnap-2019-09-18-16h31m12s065,0
vlcsnap-2019-09-18-16h31m15s290,1
vlcsnap-2019-09-18-16h31m17s623,2
vlcsnap-2019-09-18-16h31m20s114,0
vlcsnap-2019-09-18-16h31m22s313,0
vlcsnap-2019-09-18-16h31m25s822,1
vlcsnap-2019-09-18-16h31m27s845,0
vlcsnap-2019-09-18-16h31m30s162,0
vlcsnap-2019-09-18-16h31m35s152,2
vlcsnap-2019-09-18-16h31m44s389,0
vlcsnap-2019-09-18-16h31m47s604,0
vlcsnap-2019-09-18-16h31m50s523,0
vlcsnap-2019-09-18-16h31m53s325,0
vlcsnap-2019-09-18-16h31m58s064,0
vlcsnap-2019-09-18-16h32m02s067,0
vlcsnap-2019-09-18-16h32m04s793,0
vlcsnap-2019-09-18-16h32m08s723,0
vlcsnap-2019-09-18-16h32m11s288,1
vlcsnap-2019-09-18-16h32m13s905,1
vlcsnap-2019-09-18-16h32m19s595,0
vlcsnap-2019-09-18-16h32m24s342,0
vlcsnap-2019-09-18-16h32m28s691,0
vlcsnap-2019-09-18-16h32m33s483,1
vlcsnap-2019-09-18-16h32m37s276,1
vlcsnap-2019-09-18-16h32m39s921,0
vlcsnap-2019-09-18-16h32m44s238,0
vlcsnap-2019-09-18-16h32m47s067,0
vlcsnap-2019-09-18-16h32m50s672,0
vlcsnap-2019-09-18-16h32m53s290,0
vlcsnap-2019-09-18-16h32m58s580,0
vlcsnap-2019-09-18-16h33m02s279,0
vlcsnap-2019-09-18-16h33m05s464,0
vlcsnap-2019-09-18-16h33m10s285,0
vlcsnap-2019-09-18-16h33m13s182,0
vlcsnap-2019-09-18-16h33m16s972,1
vlcsnap-2019-09-18-16h33m19s072,2
vlcsnap-2019-09-18-16h33m22s082,1
vlcsnap-2019-09-18-16h33m25s689,0
vlcsnap-2019-09-18-16h33m29s770,0
vlcsnap-2019-09-18-16h33m32s157,0
vlcsnap-2019-09-18-16h33m34s788,0
vlcsnap-2019-09-18-16h33m37s880,0
vlcsnap-2019-09-18-16h33m40s641,0
vlcsnap-2019-09-18-16h33m43s858,0
vlcsnap-2019-09-18-16h33m48s478,0
vlcsnap-2019-09-18-16h33m51s843,0
vlcsnap-2019-09-18-16h33m58s123,0
vlcsnap-2019-09-18-16h34m02s173,0
vlcsnap-2019-09-18-16h34m05s479,0
vlcsnap-2019-09-18-16h34m08s296,0
vlcsnap-2019-09-18-16h34m13s584,0
vlcsnap-2019-09-18-16h34m17s892,0
vlcsnap-2019-09-18-16h34m21s788,0
vlcsnap-2019-09-18-16h34m26s340,0
vlcsnap-2019-09-18-16h34m30s049,0
vlcsnap-2019-09-18-16h34m35s345,0
vlcsnap-2019-09-18-16h34m39s289,0
vlcsnap-2019-09-18-16h34m45s230,0
vlcsnap-2019-09-18-16h34m49s658,0
vlcsnap-2019-09-18-16h34m54s252,0
vlcsnap-2019-09-18-16h34m57s338,0
vlcsnap-2019-09-18-16h35m01s585,0
vlcsnap-2019-09-18-16h35m05s100,0
vlcsnap-2019-09-18-16h35m09s243,0
vlcsnap-2019-09-18-16h35m12s713,0
vlcsnap-2019-09-18-16h35m15s944,0
vlcsnap-2019-09-18-16h35m19s427,0
vlcsnap-2019-09-18-16h35m24s884,0
vlcsnap-2019-09-18-16h35m30s025,0
vlcsnap-2019-09-18-16h35m33s820,0
vlcsnap-2019-09-18-16h35m38s489,0
vlcsnap-2019-09-18-16h35m43s444,0
vlcsnap-2019-09-18-16h35m46s528,0
vlcsnap-2019-09-18-16h35m51s162,0
vlcsnap-2019-09-18-16h35m56s046,0
vlcsnap-2019-09-18-16h36m00s371,0
vlcsnap-2019-09-18-16h36m03s398,0
vlcsnap-2019-09-18-16h36m10s325,2
vlcsnap-2019-09-18-16h36m16s982,1
vlcsnap-2019-09-18-16h36m21s831,0
vlcsnap-2019-09-18-16h36m26s068,0
vlcsnap-2019-09-18-16h36m30s177,0
vlcsnap-2019-09-18-16h36m35s472,0
vlcsnap-2019-09-18-16h36m41s826,0
vlcsnap-2019-09-18-16h37m01s253,0
vlcsnap-2019-09-18-16h37m05s027,1
vlcsnap-2019-09-18-16h37m10s051,1
vlcsnap-2019-09-18-16h37m14s254,0
vlcsnap-2019-09-18-16h37m18s987,0
vlcsnap-2019-09-18-16h37m24s462,0
vlcsnap-2019-09-18-16h37m28s890,1
vlcsnap-2019-09-18-16h37m35s049,0
vlcsnap-2019-09-18-16h37m39s193,1
vlcsnap-2019-09-18-16h37m45s954,0
vlcsnap-2019-09-18-16h38m02s879,2
vlcsnap-2019-09-18-16h38m07s505,0
vlcsnap-2019-09-18-16h38m13s010,0
vlcsnap-2019-09-18-16h38m22s270,1
vlcsnap-2019-09-18-16h38m28s313,2
vlcsnap-2019-09-18-16h38m35s811,2
vlcsnap-2019-09-18-16h38m40s511,0
vlcsnap-2019-09-18-16h38m44s807,1
vlcsnap-2019-09-18-16h38m50s888,2
vlcsnap-2019-09-18-16h38m56s382,2
vlcsnap-2019-09-18-16h39m02s425,1
vlcsnap-2019-09-18-16h39m09s120,0
vlcsnap-2019-09-18-16h39m13s455,0
vlcsnap-2019-09-18-16h39m20s180,0
vlcsnap-2019-09-18-17h49m18s524,0
vlcsnap-2019-09-18-17h49m21s490,1
vlcsnap-2019-09-18-17h49m23s738,0
vlcsnap-2019-09-18-17h49m26s372,0
vlcsnap-2019-09-18-17h49m30s266,2
vlcsnap-2019-09-18-17h49m33s515,0
vlcsnap-2019-09-18-17h49m35s516,0
vlcsnap-2019-09-18-17h49m39s186,0
vlcsnap-2019-09-18-17h49m42s606,0
vlcsnap-2019-09-18-17h49m45s771,0
vlcsnap-2019-09-18-17h49m52s081,0
vlcsnap-2019-09-18-17h49m54s594,0
vlcsnap-2019-09-18-17h49m56s780,0
vlcsnap-2019-09-18-17h50m00s349,0
vlcsnap-2019-09-18-17h50m03s164,0
vlcsnap-2019-09-18-17h50m05s829,0
vlcsnap-2019-09-18-17h50m08s650,0
vlcsnap-2019-09-18-17h50m11s329,0
vlcsnap-2019-09-18-17h50m16s441,2
vlcsnap-2019-09-18-17h50m24s894,2
vlcsnap-2019-09-18-17h50m28s463,3
vlcsnap-2019-09-18-17h50m39s066,2
vlcsnap-2019-09-18-17h50m41s994,2
vlcsnap-2019-09-18-17h50m45s403,1
vlcsnap-2019-09-18-17h50m49s326,0
vlcsnap-2019-09-18-17h50m52s761,0
vlcsnap-2019-09-18-17h50m56s062,3
vlcsnap-2019-09-18-17h51m00s525,3
vlcsnap-2019-09-18-17h51m03s133,1
vlcsnap-2019-09-18-17h51m06s044,0
vlcsnap-2019-09-18-17h51m09s074,0
vlcsnap-2019-09-18-17h51m14s221,0
vlcsnap-2019-09-18-17h51m18s324,0
vlcsnap-2019-09-18-17h51m20s814,0
vlcsnap-2019-09-18-17h51m23s666,0
vlcsnap-2019-09-18-17h51m26s085,0
vlcsnap-2019-09-18-17h51m30s854,0
vlcsnap-2019-09-18-17h51m34s154,0
vlcsnap-2019-09-18-17h51m37s264,0
vlcsnap-2019-09-18-17h51m40s475,0
vlcsnap-2019-09-18-17h51m43s286,0
vlcsnap-2019-09-18-17h51m45s748,0
vlcsnap-2019-09-18-17h51m48s633,0
vlcsnap-2019-09-18-17h51m52s114,0
vlcsnap-2019-09-18-17h51m56s301,0
vlcsnap-2019-09-18-17h52m01s042,0
vlcsnap-2019-09-18-17h52m04s494,0
vlcsnap-2019-09-18-17h52m07s757,0
vlcsnap-2019-09-18-17h52m11s028,1
vlcsnap-2019-09-18-17h52m16s419,1
vlcsnap-2019-09-18-17h52m20s332,0
vlcsnap-2019-09-18-17h52m23s795,0
vlcsnap-2019-09-18-17h52m27s224,0
vlcsnap-2019-09-18-17h52m32s129,0
vlcsnap-2019-09-18-17h52m38s347,0
vlcsnap-2019-09-18-17h52m41s089,0
vlcsnap-2019-09-18-17h52m44s943,0
vlcsnap-2019-09-18-17h52m49s259,0
vlcsnap-2019-09-18-17h52m52s661,0
vlcsnap-2019-09-18-17h52m55s069,0
vlcsnap-2019-09-18-17h52m58s118,0
vlcsnap-2019-09-18-17h53m01s324,0
vlcsnap-2019-09-18-17h53m09s444,0
vlcsnap-2019-09-18-17h53m12s853,0
vlcsnap-2019-09-18-17h53m16s427,0
vlcsnap-2019-09-18-17h53m20s624,0
vlcsnap-2019-09-18-17h53m24s883,0
vlcsnap-2019-09-18-17h53m28s049,0
vlcsnap-2019-09-18-17h53m32s020,0
vlcsnap-2019-09-18-17h53m37s244,0
vlcsnap-2019-07-25-11h38m15s478,1
vlcsnap-2019-07-25-11h38m22s133,1
vlcsnap-2019-07-25-11h38m25s609,1
vlcsnap-2019-07-25-11h38m28s534,1
vlcsnap-2019-07-25-11h38m30s925,0
vlcsnap-2019-07-25-11h38m34s764,0
vlcsnap-2019-07-25-11h38m38s206,0
vlcsnap-2019-07-25-11h38m41s819,0
vlcsnap-2019-07-25-11h38m45s112,0
vlcsnap-2019-07-25-11h38m50s833,0
vlcsnap-2019-07-25-11h38m53s971,0
vlcsnap-2019-07-25-11h39m30s226,0
vlcsnap-2019-07-25-11h39m35s012,0
vlcsnap-2019-07-25-11h39m38s080,0
vlcsnap-2019-07-25-11h39m44s211,0
vlcsnap-2019-07-25-11h39m47s355,0
vlcsnap-2019-07-25-11h39m52s307,0
vlcsnap-2019-07-25-12h11m56s592,0
vlcsnap-2019-07-25-12h12m01s841,0
vlcsnap-2019-07-25-12h12m07s174,0
vlcsnap-2019-07-25-12h12m10s947,0
vlcsnap-2019-07-25-12h12m14s560,0
vlcsnap-2019-07-25-12h12m31s522,0
vlcsnap-2019-07-25-12h12m45s651,0
vlcsnap-2019-07-25-12h12m51s997,0
vlcsnap-2019-07-25-12h13m33s545,0
vlcsnap-2019-07-25-12h13m43s265,0
vlcsnap-2019-07-25-12h13m45s801,0
vlcsnap-2019-07-25-12h13m49s127,0
vlcsnap-2019-07-25-12h13m52s744,0
vlcsnap-2019-07-25-12h14m00s240,0
vlcsnap-2019-07-25-12h14m05s364,0
vlcsnap-2019-07-25-12h14m10s856,0
vlcsnap-2019-07-25-12h14m14s934,0
vlcsnap-2019-07-25-12h14m25s723,0
vlcsnap-2019-07-25-12h14m30s023,0
vlcsnap-2019-07-25-12h14m34s867,0
vlcsnap-2019-07-25-12h14m43s615,0
vlcsnap-2019-07-25-12h14m50s514,0
vlcsnap-2019-07-25-12h14m56s287,0
vlcsnap-2019-07-25-12h15m13s717,0
vlcsnap-2019-07-25-12h15m18s944,0
vlcsnap-2019-07-25-12h15m24s429,0
vlcsnap-2019-07-25-12h15m28s763,0
vlcsnap-2019-07-25-12h15m31s946,0
vlcsnap-2019-07-25-12h15m37s182,0
vlcsnap-2019-07-25-12h15m42s967,0
vlcsnap-2019-07-25-12h15m50s524,0
vlcsnap-2019-07-25-12h16m00s249,0
vlcsnap-2019-07-25-12h16m03s784,0
vlcsnap-2019-07-25-12h16m07s724,0
vlcsnap-2019-07-25-12h16m11s268,0
vlcsnap-2019-07-25-12h16m18s042,0
vlcsnap-2019-07-25-12h16m23s900,0
vlcsnap-2019-07-25-12h16m27s426,0
vlcsnap-2019-07-25-12h16m32s682,0
vlcsnap-2019-07-25-12h16m41s362,0
vlcsnap-2019-07-25-12h16m46s908,0
vlcsnap-2019-07-25-12h16m50s317,0
vlcsnap-2019-07-25-12h16m53s384,0
vlcsnap-2019-07-25-12h17m07s124,0
vlcsnap-2019-07-25-12h17m10s261,0
vlcsnap-2019-07-25-12h17m15s692,0
vlcsnap-2019-07-25-12h17m19s981,0
vlcsnap-2019-07-25-12h17m28s174,0
vlcsnap-2019-07-25-12h50m24s338,0
vlcsnap-2019-07-25-12h50m34s932,0
vlcsnap-2019-07-25-12h50m42s269,0
vlcsnap-2019-07-25-12h50m49s694,1
vlcsnap-2019-07-25-12h50m55s938,0
vlcsnap-2019-07-25-12h51m00s517,0
vlcsnap-2019-07-25-12h51m05s199,0
vlcsnap-2019-07-25-12h51m10s326,0
vlcsnap-2019-07-25-12h51m15s007,0
vlcsnap-2019-07-25-12h51m19s817,0
vlcsnap-2019-07-25-12h51m24s563,0
vlcsnap-2019-07-25-12h51m30s219,0
vlcsnap-2019-07-25-12h51m34s716,0
vlcsnap-2019-07-25-12h51m39s928,0
vlcsnap-2019-07-25-12h51m45s645,0
vlcsnap-2019-07-25-12h51m49s386,0
vlcsnap-2019-07-25-12h51m55s066,0
vlcsnap-2019-07-25-12h52m00s027,0
vlcsnap-2019-07-25-12h52m05s147,0
vlcsnap-2019-07-25-12h52m09s963,0
vlcsnap-2019-07-25-12h52m14s964,0
vlcsnap-2019-07-25-12h52m20s473,0
vlcsnap-2019-07-25-12h52m25s859,1
vlcsnap-2019-07-25-12h52m30s464,1
vlcsnap-2019-07-25-12h52m35s363,1
vlcsnap-2019-07-25-12h52m40s423,1
vlcsnap-2019-07-25-12h52m46s288,0
vlcsnap-2019-07-25-12h52m50s363,0
vlcsnap-2019-07-25-12h52m54s968,0
vlcsnap-2019-07-25-12h53m00s138,1
vlcsnap-2019-07-25-12h53m05s014,2
vlcsnap-2019-07-25-12h53m10s125,1
vlcsnap-2019-07-25-12h53m15s384,1
vlcsnap-2019-07-25-12h53m20s464,1
vlcsnap-2019-07-25-12h53m24s999,0
vlcsnap-2019-07-25-12h53m30s349,0
vlcsnap-2019-07-25-12h53m35s190,0
vlcsnap-2019-07-25-12h53m39s941,0
vlcsnap-2019-07-25-12h53m45s342,0
vlcsnap-2019-07-25-12h53m50s577,0
vlcsnap-2019-07-25-12h53m55s388,0
vlcsnap-2019-07-25-12h54m00s466,0
vlcsnap-2019-07-25-12h54m05s274,0
vlcsnap-2019-07-25-12h54m09s975,0
vlcsnap-2019-07-25-12h54m15s678,0
vlcsnap-2019-07-25-12h54m20s383,0
vlcsnap-2019-07-25-12h54m25s401,0
vlcsnap-2019-07-25-12h54m30s547,0
vlcsnap-2019-07-25-12h54m35s477,0
vlcsnap-2019-07-25-12h54m40s295,0
vlcsnap-2019-07-25-12h54m45s345,0
vlcsnap-2019-07-25-12h54m50s072,0
vlcsnap-2019-07-25-12h54m55s342,0
vlcsnap-2019-07-25-12h54m59s784,0
vlcsnap-2019-07-25-12h55m05s376,0
vlcsnap-2019-07-25-12h55m09s728,0
vlcsnap-2019-07-25-12h55m15s229,0
vlcsnap-2019-07-25-12h55m19s970,0
vlcsnap-2019-07-25-12h55m25s501,0
vlcsnap-2019-07-25-12h55m30s330,0
vlcsnap-2019-07-25-12h55m35s910,0
vlcsnap-2019-07-25-12h55m40s815,0
vlcsnap-2019-07-25-12h55m45s315,0
vlcsnap-2019-07-25-12h55m50s685,0
vlcsnap-2019-07-25-12h55m57s951,0
vlcsnap-2019-07-25-12h56m00s676,0
vlcsnap-2019-07-25-12h56m04s957,0
vlcsnap-2019-07-25-12h56m09s336,0
vlcsnap-2019-07-25-12h56m15s309,0
vlcsnap-2019-07-25-12h56m20s159,0
vlcsnap-2019-07-25-12h56m25s226,0
vlcsnap-2019-07-25-12h56m30s262,0
vlcsnap-2019-07-25-12h58m59s978,0
vlcsnap-2019-07-25-12h59m04s878,0
vlcsnap-2019-07-25-12h59m09s953,2
vlcsnap-2019-07-25-12h59m14s480,1
vlcsnap-2019-07-25-12h59m20s662,1
vlcsnap-2019-07-25-12h59m23s758,1
vlcsnap-2019-07-25-13h13m38s450,0
vlcsnap-2019-07-25-13h14m48s962,0
vlcsnap-2019-07-25-13h15m14s420,0
vlcsnap-2019-07-25-13h15m21s805,0
vlcsnap-2019-07-25-13h15m38s026,0
vlcsnap-2019-07-25-13h16m01s092,0
vlcsnap-2019-07-25-13h16m34s445,0
vlcsnap-2019-07-25-13h17m05s330,0
vlcsnap-2019-07-25-13h36m58s899,0
vlcsnap-2019-07-25-13h37m03s047,0
vlcsnap-2019-07-25-13h37m08s006,0
vlcsnap-2019-07-25-13h37m14s647,0
vlcsnap-2019-07-25-13h37m19s708,0
vlcsnap-2019-07-25-13h37m23s360,0
vlcsnap-2019-07-25-13h37m48s105,0
vlcsnap-2019-07-25-13h38m28s613,0
vlcsnap-2019-07-25-13h38m43s547,0
vlcsnap-2019-07-25-13h39m10s021,0
vlcsnap-2019-07-25-13h39m50s607,0
vlcsnap-2019-09-18-22h23m34s722,1
vlcsnap-2019-09-18-22h24m36s485,0
vlcsnap-2019-09-18-22h24m40s000,0
vlcsnap-2019-09-18-22h24m49s096,0
vlcsnap-2019-09-18-22h24m51s965,0
vlcsnap-2019-09-18-22h24m55s071,0
vlcsnap-2019-09-18-22h25m00s258,0
vlcsnap-2019-09-18-22h25m03s443,0
vlcsnap-2019-09-18-22h25m06s186,0
vlcsnap-2019-09-18-22h25m12s021,0
vlcsnap-2019-09-18-22h25m17s312,1
vlcsnap-2019-09-18-22h25m21s728,1
vlcsnap-2019-09-18-22h25m26s416,1
vlcsnap-2019-09-18-22h25m29s282,3
vlcsnap-2019-09-18-22h25m32s492,2
vlcsnap-2019-09-18-22h25m35s905,2
vlcsnap-2019-09-18-22h25m40s161,2
vlcsnap-2019-09-18-22h25m43s604,0
vlcsnap-2019-09-18-22h25m48s179,0
vlcsnap-2019-09-18-22h25m53s403,0
vlcsnap-2019-09-18-22h25m57s779,0
vlcsnap-2019-09-18-22h26m01s586,0
vlcsnap-2019-09-18-22h26m05s860,0
vlcsnap-2019-09-18-22h26m09s437,0
vlcsnap-2019-09-18-22h26m13s752,0
vlcsnap-2019-09-18-22h26m17s265,0
vlcsnap-2019-09-18-22h26m21s147,1
vlcsnap-2019-09-18-22h26m25s195,2
vlcsnap-2019-09-18-22h26m28s560,3
vlcsnap-2019-09-18-22h26m34s940,4
vlcsnap-2019-09-18-22h26m39s508,4
vlcsnap-2019-09-18-22h26m44s536,3
vlcsnap-2019-09-18-22h26m47s491,2
vlcsnap-2019-09-18-22h26m52s830,1
vlcsnap-2019-09-18-22h26m56s137,1
vlcsnap-2019-09-18-22h27m01s602,1
vlcsnap-2019-09-18-22h27m05s586,0
vlcsnap-2019-09-18-22h27m08s864,0
vlcsnap-2019-09-18-22h27m11s996,0
vlcsnap-2019-09-18-22h27m16s081,0
vlcsnap-2019-09-18-22h27m19s544,0
vlcsnap-2019-09-18-22h27m22s839,0
vlcsnap-2019-09-18-22h27m28s307,0
vlcsnap-2019-09-18-22h27m31s228,0
vlcsnap-2019-09-18-22h27m34s583,0
vlcsnap-2019-09-18-22h27m40s565,0
vlcsnap-2019-09-18-22h27m43s836,0
vlcsnap-2019-09-18-22h27m48s724,0
vlcsnap-2019-09-18-22h27m54s056,0
vlcsnap-2019-09-18-22h27m57s389,0
vlcsnap-2019-09-18-22h28m00s830,0
vlcsnap-2019-09-18-22h28m04s793,0
vlcsnap-2019-09-18-22h28m08s638,0
vlcsnap-2019-09-18-22h28m14s801,0
vlcsnap-2019-09-18-22h28m22s910,0
vlcsnap-2019-09-18-22h28m26s849,2
vlcsnap-2019-09-18-22h28m32s929,2
vlcsnap-2019-09-18-22h28m38s112,3
vlcsnap-2019-09-18-22h28m42s656,3
vlcsnap-2019-09-18-22h28m47s181,1
vlcsnap-2019-09-18-22h28m52s169,1
vlcsnap-2019-09-18-22h28m55s532,0
vlcsnap-2019-09-18-22h29m00s297,0
vlcsnap-2019-09-18-22h29m05s763,0
vlcsnap-2019-09-18-22h29m10s935,0
vlcsnap-2019-09-18-22h29m14s671,0
vlcsnap-2019-09-18-22h29m18s132,0
vlcsnap-2019-09-18-22h29m23s973,0
vlcsnap-2019-09-18-22h29m28s171,0
vlcsnap-2019-09-26-17h02m02s488,0
vlcsnap-2019-09-26-17h04m55s258,0
vlcsnap-2019-09-26-17h05m02s759,1
vlcsnap-2019-09-26-17h05m05s447,1
vlcsnap-2019-09-26-17h05m07s862,1
vlcsnap-2019-09-26-17h05m10s346,0
vlcsnap-2019-09-26-17h05m14s497,0
vlcsnap-2019-09-26-17h05m17s061,0
vlcsnap-2019-09-26-17h05m19s535,0
vlcsnap-2019-09-26-17h05m21s871,0
vlcsnap-2019-09-26-17h05m24s021,0
vlcsnap-2019-09-26-17h05m26s738,0
vlcsnap-2019-09-26-17h05m29s590,0
vlcsnap-2019-09-26-17h05m31s830,0
vlcsnap-2019-09-26-17h05m33s940,0
vlcsnap-2019-09-26-17h05m37s360,0
vlcsnap-2019-09-26-17h05m39s688,0
vlcsnap-2019-09-26-17h05m42s337,0
vlcsnap-2019-09-26-17h05m45s219,0
vlcsnap-2019-09-26-17h05m48s430,0
vlcsnap-2019-09-26-17h05m52s378,0
vlcsnap-2019-09-26-17h05m55s652,0
vlcsnap-2019-09-26-17h05m58s709,1
vlcsnap-2019-09-26-17h06m02s316,1
vlcsnap-2019-09-26-17h06m05s313,0
vlcsnap-2019-09-26-17h06m07s706,0
vlcsnap-2019-09-26-17h06m10s724,0
vlcsnap-2019-09-26-17h06m14s567,0
vlcsnap-2019-09-26-17h06m17s903,0
vlcsnap-2019-09-26-17h06m20s867,0
vlcsnap-2019-09-26-17h06m24s702,0
vlcsnap-2019-09-26-17h06m29s900,0
vlcsnap-2019-09-26-17h06m34s027,0
vlcsnap-2019-09-26-17h06m38s029,0
vlcsnap-2019-09-26-17h06m41s340,0
vlcsnap-2019-09-26-17h06m44s247,0
vlcsnap-2019-09-26-17h06m47s400,0
vlcsnap-2019-09-26-17h06m50s837,0
vlcsnap-2019-09-26-17h06m54s477,0
vlcsnap-2019-09-26-17h06m56s773,0
vlcsnap-2019-09-26-17h07m00s706,0
vlcsnap-2019-09-26-17h07m02s980,0
vlcsnap-2019-09-26-17h07m05s991,0
vlcsnap-2019-09-26-17h07m09s599,0
vlcsnap-2019-09-26-17h07m13s965,0
vlcsnap-2019-09-26-17h07m16s032,0
vlcsnap-2019-09-26-17h07m19s284,0
vlcsnap-2019-09-26-17h07m21s892,0
vlcsnap-2019-09-26-17h07m24s390,0
vlcsnap-2019-09-26-17h07m27s372,0
vlcsnap-2019-09-26-17h07m30s619,0
vlcsnap-2019-09-26-17h07m33s566,0
vlcsnap-2019-09-26-17h07m36s806,0
vlcsnap-2019-09-26-17h07m39s457,0
vlcsnap-2019-09-26-17h07m41s802,0
vlcsnap-2019-09-26-17h07m44s423,0
vlcsnap-2019-09-26-17h07m46s811,0
vlcsnap-2019-09-26-17h07m49s239,0
vlcsnap-2019-09-26-17h07m52s975,0
vlcsnap-2019-09-26-17h07m55s812,0
vlcsnap-2019-09-26-17h07m58s700,0
vlcsnap-2019-09-26-17h08m02s145,0
vlcsnap-2019-09-26-17h08m04s779,0
vlcsnap-2019-09-26-17h08m08s060,0
vlcsnap-2019-09-26-17h08m12s733,0
vlcsnap-2019-09-26-17h08m15s840,0
vlcsnap-2019-09-26-17h08m18s712,0
vlcsnap-2019-09-26-17h08m22s524,0
vlcsnap-2019-09-26-17h08m25s434,0
vlcsnap-2019-09-26-17h08m28s355,0
vlcsnap-2019-09-26-17h08m32s702,1
vlcsnap-2019-09-26-17h08m36s587,0
vlcsnap-2019-09-26-17h08m40s475,0
vlcsnap-2019-09-26-17h08m44s854,0
vlcsnap-2019-09-26-17h08m47s326,0
vlcsnap-2019-09-26-17h08m50s188,0
vlcsnap-2019-09-26-17h08m54s090,0
vlcsnap-2019-09-26-17h08m57s922,1
vlcsnap-2019-09-26-17h09m01s065,1
vlcsnap-2019-09-26-17h09m07s731,1
vlcsnap-2019-09-26-17h09m11s099,1
vlcsnap-2019-09-26-17h09m14s767,0
vlcsnap-2019-09-26-17h09m20s987,0
vlcsnap-2019-09-26-17h09m23s927,0
vlcsnap-2019-09-26-17h09m26s185,1
vlcsnap-2019-09-26-17h09m29s621,1
vlcsnap-2019-09-26-17h09m33s353,0
vlcsnap-2019-09-26-17h09m36s324,0
vlcsnap-2019-09-26-17h09m44s084,0
vlcsnap-2019-09-26-17h09m46s547,2
vlcsnap-2019-09-26-17h09m51s855,0
vlcsnap-2019-09-26-17h09m55s255,1
vlcsnap-2019-09-26-17h09m58s095,2
vlcsnap-2019-09-26-17h10m01s408,1
vlcsnap-2019-09-26-17h10m04s507,2
vlcsnap-2019-09-26-17h10m07s380,1
vlcsnap-2019-09-26-17h10m10s689,1
vlcsnap-2019-09-26-17h10m13s241,1
vlcsnap-2019-09-26-17h10m16s260,0
vlcsnap-2019-09-26-17h10m19s090,1
vlcsnap-2019-09-26-17h10m22s165,0
vlcsnap-2019-09-26-17h10m26s030,0
vlcsnap-2019-09-26-17h10m29s862,0
vlcsnap-2019-09-26-17h10m34s337,0
vlcsnap-2019-09-26-17h18m10s697,0
vlcsnap-2019-09-26-17h18m14s015,0
vlcsnap-2019-09-26-17h18m16s765,0
vlcsnap-2019-09-26-17h18m19s571,0
vlcsnap-2019-09-26-17h19m09s190,0
vlcsnap-2019-09-26-17h19m11s482,0
vlcsnap-2019-09-26-17h19m13s737,0
vlcsnap-2019-09-26-17h19m17s530,0
vlcsnap-2019-09-26-17h19m20s196,0
vlcsnap-2019-09-26-17h19m22s279,0
vlcsnap-2019-09-26-17h19m24s309,0
vlcsnap-2019-09-26-17h19m28s018,0
vlcsnap-2019-10-03-13h41m42s230,0
vlcsnap-2019-10-03-13h41m47s383,0
vlcsnap-2019-10-03-13h41m50s283,0
vlcsnap-2019-10-03-13h41m53s418,0
vlcsnap-2019-10-03-13h41m56s823,0
vlcsnap-2019-10-03-13h42m00s308,0
vlcsnap-2019-10-03-13h42m05s466,0
vlcsnap-2019-10-03-13h42m08s378,0
vlcsnap-2019-10-03-13h42m11s711,1
vlcsnap-2019-10-03-13h42m14s201,0
vlcsnap-2019-10-03-13h42m19s548,0
vlcsnap-2019-10-03-13h42m21s872,0
vlcsnap-2019-10-03-13h42m24s218,1
vlcsnap-2019-10-03-13h42m28s373,1
vlcsnap-2019-10-03-13h42m31s453,1
vlcsnap-2019-10-03-13h42m34s882,1
vlcsnap-2019-10-03-13h42m40s310,0
vlcsnap-2019-10-03-13h42m43s352,0
vlcsnap-2019-10-03-13h42m47s425,0
vlcsnap-2019-10-03-13h42m52s128,0
vlcsnap-2019-10-03-13h42m56s308,0
vlcsnap-2019-10-03-13h43m02s587,0
vlcsnap-2019-10-03-13h43m06s049,0
vlcsnap-2019-10-03-13h43m08s963,1
vlcsnap-2019-10-03-13h43m12s367,1
vlcsnap-2019-10-03-13h43m17s714,1
vlcsnap-2019-10-03-13h43m21s518,4
vlcsnap-2019-10-03-13h43m24s864,9
vlcsnap-2019-10-03-13h43m30s993,9
vlcsnap-2019-10-03-13h43m35s494,6
vlcsnap-2019-10-03-13h43m39s450,1
vlcsnap-2019-10-03-13h43m42s702,0
vlcsnap-2019-10-03-13h43m50s976,0
vlcsnap-2019-10-03-13h43m54s966,0
vlcsnap-2019-10-03-13h43m59s361,0
vlcsnap-2019-10-03-13h44m03s772,0
vlcsnap-2019-10-03-13h44m06s953,0
vlcsnap-2019-10-03-13h44m09s970,0
vlcsnap-2019-10-03-13h44m12s806,0
vlcsnap-2019-10-03-13h44m16s026,0
vlcsnap-2019-10-03-13h44m19s887,0
vlcsnap-2019-10-03-13h44m26s213,0
vlcsnap-2019-10-03-13h44m29s579,0
vlcsnap-2019-10-03-13h44m32s918,0
vlcsnap-2019-10-03-13h44m37s378,0
vlcsnap-2019-10-03-13h44m41s211,0
vlcsnap-2019-10-03-13h44m45s167,0
vlcsnap-2019-10-03-13h44m49s412,0
vlcsnap-2019-10-03-13h44m52s444,0
vlcsnap-2019-10-03-13h44m56s457,0
vlcsnap-2019-10-03-13h44m59s640,0
vlcsnap-2019-10-03-13h45m02s223,0
vlcsnap-2019-10-03-13h45m05s580,0
vlcsnap-2019-10-03-13h45m10s477,0
vlcsnap-2019-10-03-13h45m13s506,0
vlcsnap-2019-10-03-13h45m16s923,0
vlcsnap-2019-10-03-13h45m21s346,0
vlcsnap-2019-10-03-13h45m24s547,0
vlcsnap-2019-10-03-13h45m29s226,0
vlcsnap-2019-10-03-13h45m32s067,0
vlcsnap-2019-10-03-13h45m34s894,0
vlcsnap-2019-10-03-13h45m41s026,0
vlcsnap-2019-10-03-15h09m45s490,0
vlcsnap-2019-10-03-15h09m47s901,0
vlcsnap-2019-10-03-15h10m05s305,0
vlcsnap-2019-10-03-15h10m08s564,0
vlcsnap-2019-10-03-15h10m11s417,0
vlcsnap-2019-10-03-15h10m14s253,0
vlcsnap-2019-10-03-15h10m18s257,0
vlcsnap-2019-10-03-15h10m20s631,0
vlcsnap-2019-10-03-15h10m23s496,0
vlcsnap-2019-10-03-15h10m28s093,0
vlcsnap-2019-10-03-15h10m30s418,0
vlcsnap-2019-10-03-15h10m33s277,0
vlcsnap-2019-10-03-15h10m35s928,4
vlcsnap-2019-10-03-15h10m39s188,0
vlcsnap-2019-10-03-15h10m44s552,0
vlcsnap-2019-10-03-15h10m49s431,0
vlcsnap-2019-10-03-15h10m52s629,0
vlcsnap-2019-10-03-15h10m57s754,0
vlcsnap-2019-10-03-15h11m01s257,0
vlcsnap-2019-10-03-15h11m12s743,0
vlcsnap-2019-10-03-15h11m17s545,2
vlcsnap-2019-10-03-15h11m20s419,3
vlcsnap-2019-10-03-15h11m24s529,3
vlcsnap-2019-10-03-15h11m27s649,4
vlcsnap-2019-10-03-15h11m30s061,1
vlcsnap-2019-10-03-15h11m33s867,1
vlcsnap-2019-10-03-15h11m36s821,2
vlcsnap-2019-10-03-15h11m40s896,2
vlcsnap-2019-10-03-15h11m44s161,0
vlcsnap-2019-10-03-15h11m48s623,0
vlcsnap-2019-10-03-15h11m53s399,0
vlcsnap-2019-10-03-15h11m57s101,0
vlcsnap-2019-10-03-15h12m00s749,0
vlcsnap-2019-10-03-15h12m03s387,0
vlcsnap-2019-10-03-15h12m07s336,0
vlcsnap-2019-10-03-15h12m10s722,0
vlcsnap-2019-10-03-15h12m13s827,0
vlcsnap-2019-10-03-15h12m18s157,0
vlcsnap-2019-10-03-15h12m26s647,0
vlcsnap-2019-10-03-15h12m31s170,0
vlcsnap-2019-10-03-15h12m34s368,0
vlcsnap-2019-10-03-15h12m39s784,0
vlcsnap-2019-10-03-15h12m44s623,0
vlcsnap-2019-10-03-15h12m47s513,0
vlcsnap-2019-10-03-15h12m50s434,0
vlcsnap-2019-10-03-15h12m53s356,1
vlcsnap-2019-10-03-15h12m56s972,0
vlcsnap-2019-10-03-15h13m00s494,0
vlcsnap-2019-10-03-15h13m04s299,0
vlcsnap-2019-10-03-15h13m09s843,0
vlcsnap-2019-10-03-15h13m13s215,0
vlcsnap-2019-10-03-15h13m16s921,0
vlcsnap-2019-10-03-15h13m22s183,0
vlcsnap-2019-10-03-15h13m26s625,0
vlcsnap-2019-10-03-15h13m30s476,0
vlcsnap-2019-10-03-15h13m34s064,0
vlcsnap-2019-10-03-15h13m37s023,0
vlcsnap-2019-10-03-15h13m40s740,0
vlcsnap-2019-10-03-15h13m45s508,0
vlcsnap-2019-10-03-15h13m49s697,0
vlcsnap-2019-10-03-15h13m53s707,0
vlcsnap-2019-10-03-15h13m56s901,0
vlcsnap-2019-10-03-15h14m01s711,0
vlcsnap-2019-10-03-15h14m07s046,0
vlcsnap-2019-10-03-15h14m13s784,0
vlcsnap-2019-10-03-15h14m17s860,0
vlcsnap-2019-10-03-15h14m22s512,0
vlcsnap-2019-10-03-15h14m26s371,0
vlcsnap-2019-10-03-15h14m31s008,0
vlcsnap-2019-10-03-15h14m37s428,0
vlcsnap-2019-10-03-15h14m42s264,0
vlcsnap-2019-10-03-15h14m45s936,0
vlcsnap-2019-10-03-15h15m02s067,0
vlcsnap-2019-10-03-15h15m06s753,0
vlcsnap-2019-10-03-15h15m10s487,0
vlcsnap-2019-10-03-15h15m16s177,0
vlcsnap-2019-10-03-15h15m19s120,0
vlcsnap-2019-10-03-15h15m22s731,0
vlcsnap-2019-10-03-15h15m26s003,0
vlcsnap-2019-10-03-15h15m29s611,0
vlcsnap-2019-10-03-15h15m32s803,0
vlcsnap-2019-10-03-15h15m35s769,0
vlcsnap-2019-10-03-15h16m33s023,0
vlcsnap-2019-10-03-15h16m37s553,0
vlcsnap-2019-10-03-15h16m41s347,0
vlcsnap-2019-10-03-15h16m44s742,0
vlcsnap-2019-10-03-15h16m49s490,1
vlcsnap-2019-10-03-15h16m55s669,3
vlcsnap-2019-10-03-15h17m00s771,3
vlcsnap-2019-10-03-15h17m04s951,2
vlcsnap-2019-10-03-15h17m08s753,0
vlcsnap-2019-10-03-15h17m12s561,1
vlcsnap-2019-10-03-15h17m16s021,1
vlcsnap-2019-10-03-15h17m20s890,2
vlcsnap-2019-10-03-15h17m53s926,1
vlcsnap-2019-10-03-15h17m57s511,1
vlcsnap-2019-10-03-15h18m02s640,0
vlcsnap-2019-10-03-15h18m05s058,0
vlcsnap-2019-10-03-15h18m08s866,0
vlcsnap-2019-10-03-15h21m07s667,1
vlcsnap-2019-10-03-15h21m11s298,2
vlcsnap-2019-10-03-15h21m14s453,3
vlcsnap-2019-10-03-15h21m17s230,2
vlcsnap-2019-10-03-15h21m20s205,2
vlcsnap-2019-10-03-15h21m22s976,0
vlcsnap-2019-10-03-15h21m25s696,0
vlcsnap-2019-10-03-15h21m28s368,0
vlcsnap-2019-10-03-15h21m31s027,0
vlcsnap-2019-10-03-15h21m33s666,0
vlcsnap-2019-10-03-15h21m36s001,0
vlcsnap-2019-10-03-15h21m38s577,0
vlcsnap-2019-10-03-15h21m41s200,0
vlcsnap-2019-10-03-15h21m44s121,0
vlcsnap-2019-10-03-15h21m46s084,1
vlcsnap-2019-10-03-15h21m49s303,1
vlcsnap-2019-10-03-15h21m52s553,1
vlcsnap-2019-10-03-15h21m56s636,0
vlcsnap-2019-10-03-15h21m59s017,0
vlcsnap-2019-10-03-15h22m01s916,0
vlcsnap-2019-10-03-15h22m06s702,0
vlcsnap-2019-10-03-15h22m12s695,0
vlcsnap-2019-10-03-15h22m17s458,0
vlcsnap-2019-10-03-15h22m20s155,0
vlcsnap-2019-10-03-15h22m23s841,0
vlcsnap-2019-10-03-15h22m26s586,0
vlcsnap-2019-10-03-15h22m30s546,0
vlcsnap-2019-10-03-15h22m34s298,0
vlcsnap-2019-10-03-15h22m40s229,0
vlcsnap-2019-10-03-15h22m43s441,0
vlcsnap-2019-10-03-15h22m46s414,0
vlcsnap-2019-10-03-15h22m49s744,0
vlcsnap-2019-10-03-15h22m53s624,0
vlcsnap-2019-10-03-15h22m56s404,0
vlcsnap-2019-10-03-16h30m50s533,3
vlcsnap-2019-10-03-16h30m54s603,2
vlcsnap-2019-10-03-16h30m58s984,3
vlcsnap-2019-10-03-16h31m01s709,2
vlcsnap-2019-10-03-16h31m03s721,1
vlcsnap-2019-10-03-16h31m05s752,1
vlcsnap-2019-10-03-16h31m08s396,1
vlcsnap-2019-10-03-16h31m10s257,1
vlcsnap-2019-10-03-16h31m12s497,1
vlcsnap-2019-10-03-16h31m15s592,1
vlcsnap-2019-10-03-16h31m19s055,2
vlcsnap-2019-10-03-16h31m20s839,1
vlcsnap-2019-10-03-16h31m22s886,2
vlcsnap-2019-10-03-16h31m25s004,1
vlcsnap-2019-10-03-16h31m27s817,0
vlcsnap-2019-10-03-16h31m30s028,0
vlcsnap-2019-10-03-16h31m32s140,0
vlcsnap-2019-10-03-16h31m33s883,0
vlcsnap-2019-10-03-16h31m35s636,0
vlcsnap-2019-10-03-16h31m38s134,0
vlcsnap-2019-10-03-16h31m41s315,0
vlcsnap-2019-10-03-16h31m43s920,0
vlcsnap-2019-10-03-16h31m45s871,0
vlcsnap-2019-10-03-16h31m48s124,0
vlcsnap-2019-10-03-16h31m59s360,0
vlcsnap-2019-10-03-16h32m01s540,1
vlcsnap-2019-10-03-16h32m03s144,0
vlcsnap-2019-10-03-16h32m04s855,0
vlcsnap-2019-10-03-16h32m06s573,1
vlcsnap-2019-10-03-16h32m08s123,1
vlcsnap-2019-10-03-16h32m10s237,1
vlcsnap-2019-10-03-16h32m13s035,1
vlcsnap-2019-10-03-16h32m14s957,1
vlcsnap-2019-10-03-16h32m16s603,2
vlcsnap-2019-10-03-16h32m20s225,1
vlcsnap-2019-10-03-16h32m24s141,0
vlcsnap-2019-10-03-16h32m26s517,0
vlcsnap-2019-10-03-16h32m30s635,1
vlcsnap-2019-10-03-16h32m33s570,1
vlcsnap-2019-10-03-16h32m35s930,0
vlcsnap-2019-10-03-16h32m39s189,0
vlcsnap-2019-10-03-16h32m40s947,0
vlcsnap-2019-10-03-16h32m45s790,0
vlcsnap-2019-10-03-16h32m48s725,0
vlcsnap-2019-10-03-16h32m51s634,0
vlcsnap-2019-10-03-16h32m54s020,0
vlcsnap-2019-10-03-16h32m55s676,0
vlcsnap-2019-10-03-16h32m57s198,0
vlcsnap-2019-10-03-16h32m59s452,0
vlcsnap-2019-10-03-16h33m01s587,0
vlcsnap-2019-10-03-16h33m04s417,0
vlcsnap-2019-10-03-16h33m07s007,0
vlcsnap-2019-10-03-16h33m10s753,0
vlcsnap-2019-10-03-16h33m15s135,0
vlcsnap-2019-10-03-16h33m18s366,0
vlcsnap-2019-10-03-16h33m21s458,0
vlcsnap-2019-10-03-16h33m25s062,0
vlcsnap-2019-10-03-16h33m27s717,0
vlcsnap-2019-10-03-16h33m29s970,0
vlcsnap-2019-10-03-16h33m32s598,0
vlcsnap-2019-10-04-14h42m39s640,0
vlcsnap-2019-10-04-14h42m45s025,1
vlcsnap-2019-10-04-14h42m47s376,1
vlcsnap-2019-10-04-14h42m50s268,1
vlcsnap-2019-10-04-14h42m54s299,0
vlcsnap-2019-10-04-14h42m57s233,1
vlcsnap-2019-10-04-14h42m59s513,1
vlcsnap-2019-10-04-14h43m01s663,0
vlcsnap-2019-10-04-14h43m03s770,0
vlcsnap-2019-10-04-14h43m06s434,0
vlcsnap-2019-10-04-14h43m08s363,0
vlcsnap-2019-10-04-14h43m09s846,0
vlcsnap-2019-10-04-14h43m11s344,0
vlcsnap-2019-10-04-14h43m12s874,0
vlcsnap-2019-10-04-14h43m16s243,0
vlcsnap-2019-10-04-14h43m18s303,0
vlcsnap-2019-10-04-14h43m21s517,0
vlcsnap-2019-10-04-14h43m23s295,0
vlcsnap-2019-10-04-14h43m25s580,1
vlcsnap-2019-10-04-14h43m28s141,0
vlcsnap-2019-10-04-14h43m30s855,0
vlcsnap-2019-10-04-14h43m33s794,0
vlcsnap-2019-10-04-14h43m36s491,0
vlcsnap-2019-10-04-14h43m38s220,0
vlcsnap-2019-10-04-14h43m40s038,0
vlcsnap-2019-10-04-14h43m42s083,1
vlcsnap-2019-10-04-14h43m44s668,1
vlcsnap-2019-10-04-14h43m47s212,0
vlcsnap-2019-10-04-14h43m50s943,0
vlcsnap-2019-10-04-14h43m54s073,0
vlcsnap-2019-10-04-14h43m56s265,0
vlcsnap-2019-10-04-14h44m11s226,0
vlcsnap-2019-10-04-14h44m13s829,0
vlcsnap-2019-10-04-14h44m16s063,0
vlcsnap-2019-10-04-14h44m18s546,0
vlcsnap-2019-10-04-14h44m20s505,0
vlcsnap-2019-10-04-14h44m23s142,0
vlcsnap-2019-10-04-14h44m25s583,0
vlcsnap-2019-10-04-14h44m28s267,0
vlcsnap-2019-10-04-14h44m30s300,0
vlcsnap-2019-10-04-14h56m14s851,0
vlcsnap-2019-10-04-14h56m17s576,0
vlcsnap-2019-10-04-14h56m19s974,0
vlcsnap-2019-10-04-14h56m21s656,0
vlcsnap-2019-10-04-14h56m23s097,0
vlcsnap-2019-10-04-14h56m27s248,0
vlcsnap-2019-10-04-14h56m29s311,0
vlcsnap-2019-10-04-14h56m33s009,0
vlcsnap-2019-10-04-14h56m37s136,0
vlcsnap-2019-10-04-14h56m39s915,0
vlcsnap-2019-10-04-14h56m41s763,0
vlcsnap-2019-10-04-14h56m44s104,0
vlcsnap-2019-10-04-14h57m08s491,0
vlcsnap-2019-10-04-14h57m10s388,0
vlcsnap-2019-10-04-14h57m12s730,0
vlcsnap-2019-10-04-14h57m14s458,0
vlcsnap-2019-10-04-14h57m16s283,0
vlcsnap-2019-10-04-14h57m22s830,0
vlcsnap-2019-10-04-14h57m24s762,0
vlcsnap-2019-10-04-14h57m26s980,0
vlcsnap-2019-10-04-14h57m29s984,0
vlcsnap-2019-10-04-14h57m32s690,1
vlcsnap-2019-10-04-14h57m35s548,1
vlcsnap-2019-10-04-14h57m39s562,2
vlcsnap-2019-10-04-14h57m41s815,2
vlcsnap-2019-10-04-14h57m46s042,4
vlcsnap-2019-10-04-14h57m48s175,4
vlcsnap-2019-10-04-14h57m50s865,4
vlcsnap-2019-10-04-14h57m54s691,2
vlcsnap-2019-10-04-14h57m57s167,1
vlcsnap-2019-10-04-14h57m59s680,0
vlcsnap-2019-10-04-14h58m02s154,0
vlcsnap-2019-10-04-14h58m04s331,0
vlcsnap-2019-10-04-14h58m07s080,0
vlcsnap-2019-10-04-14h58m10s356,0
vlcsnap-2019-10-04-14h58m12s555,0
vlcsnap-2019-10-04-14h58m14s894,0
vlcsnap-2019-10-04-14h58m18s418,0
vlcsnap-2019-10-04-14h58m21s287,0
vlcsnap-2019-10-04-14h58m25s094,1
vlcsnap-2019-10-04-14h58m28s575,0
vlcsnap-2019-10-04-14h58m31s586,0
vlcsnap-2019-10-04-14h58m34s520,0
vlcsnap-2019-10-04-14h58m37s519,0
vlcsnap-2019-10-04-14h58m40s997,0
vlcsnap-2019-10-04-15h54m40s537,0
vlcsnap-2019-10-04-15h54m42s707,0
vlcsnap-2019-10-04-15h54m45s497,0
vlcsnap-2019-10-04-15h54m47s804,0
vlcsnap-2019-10-04-15h54m50s277,0
vlcsnap-2019-10-04-15h54m52s070,0
vlcsnap-2019-10-04-15h54m53s990,0
vlcsnap-2019-10-04-15h54m57s382,0
vlcsnap-2019-10-04-15h54m59s244,0
vlcsnap-2019-10-04-15h55m01s759,0
vlcsnap-2019-10-04-15h55m04s442,0
vlcsnap-2019-10-04-15h55m06s905,0
vlcsnap-2019-10-04-15h55m08s709,0
vlcsnap-2019-10-04-15h55m10s856,0
vlcsnap-2019-10-04-15h55m13s751,0
vlcsnap-2019-10-04-15h55m16s366,0
vlcsnap-2019-10-04-15h55m17s882,0
vlcsnap-2019-10-04-15h55m21s467,0
vlcsnap-2019-10-04-15h55m24s834,0
vlcsnap-2019-10-04-15h55m27s047,0
vlcsnap-2019-10-04-15h55m28s826,0
vlcsnap-2019-10-04-15h55m31s900,0
vlcsnap-2019-10-04-15h55m36s111,0
vlcsnap-2019-10-04-15h55m38s125,0
vlcsnap-2019-10-04-15h55m39s996,0
vlcsnap-2019-10-04-15h55m43s310,0
vlcsnap-2019-10-04-15h55m45s191,0
vlcsnap-2019-10-04-15h55m47s771,0
vlcsnap-2019-10-04-15h55m51s504,0
vlcsnap-2019-10-04-15h55m54s550,0
vlcsnap-2019-10-04-15h55m57s000,0
vlcsnap-2019-10-04-15h55m59s518,0
vlcsnap-2019-10-04-15h56m05s895,0
vlcsnap-2019-10-04-15h56m08s707,0
vlcsnap-2019-10-04-15h56m11s385,0
vlcsnap-2019-10-04-15h56m13s472,0
vlcsnap-2019-10-04-15h56m16s977,0
vlcsnap-2019-10-04-15h56m20s995,0
vlcsnap-2019-10-04-15h56m23s643,0
vlcsnap-2019-10-04-15h56m25s528,0
vlcsnap-2019-10-04-15h56m28s137,0
vlcsnap-2019-10-04-15h56m30s751,0
vlcsnap-2019-10-04-15h56m33s667,0
vlcsnap-2019-10-04-15h56m37s218,0
vlcsnap-2019-10-04-15h56m39s477,0
vlcsnap-2019-10-04-15h56m41s626,0
vlcsnap-2019-10-04-15h56m45s086,0
vlcsnap-2019-10-04-15h56m47s477,0
vlcsnap-2019-10-04-15h56m49s200,0
vlcsnap-2019-10-04-15h56m51s149,0
vlcsnap-2019-10-04-15h56m53s960,1
vlcsnap-2019-10-04-15h56m56s992,1
vlcsnap-2019-10-04-15h56m59s739,0
vlcsnap-2019-10-04-15h57m02s392,1
vlcsnap-2019-10-04-15h57m05s908,2
vlcsnap-2019-10-04-15h57m08s596,1
vlcsnap-2019-10-04-15h57m11s846,1
vlcsnap-2019-10-04-15h57m15s705,0
vlcsnap-2019-10-04-15h57m18s846,0
vlcsnap-2019-10-04-15h57m20s947,0
vlcsnap-2019-10-04-15h57m23s634,0
vlcsnap-2019-10-04-15h57m26s256,0
vlcsnap-2019-10-04-15h57m28s834,0
vlcsnap-2019-10-04-15h57m30s942,0
vlcsnap-2019-10-04-15h57m33s728,0
vlcsnap-2019-10-04-15h57m36s817,0
vlcsnap-2019-10-04-15h57m39s999,0
vlcsnap-2019-10-04-15h57m42s380,0
vlcsnap-2019-10-04-15h57m44s355,0
vlcsnap-2019-10-04-15h57m46s809,0
vlcsnap-2019-10-04-15h57m48s937,0
vlcsnap-2019-10-04-15h57m51s421,0
vlcsnap-2019-10-04-15h57m53s633,0
vlcsnap-2019-10-04-15h57m56s638,0
vlcsnap-2019-10-04-15h58m00s775,0
vlcsnap-2019-10-04-15h58m03s226,0
vlcsnap-2019-10-04-15h58m05s145,0
vlcsnap-2019-10-04-15h58m09s039,0
vlcsnap-2019-10-04-15h58m11s665,0
vlcsnap-2019-10-04-15h58m14s063,1
vlcsnap-2019-10-04-15h58m18s240,0
vlcsnap-2019-10-04-15h58m20s712,0
vlcsnap-2019-10-04-15h58m24s373,0
vlcsnap-2019-10-04-15h58m26s691,0
vlcsnap-2019-10-04-15h58m28s918,0
vlcsnap-2019-10-04-15h58m31s817,0
vlcsnap-2019-10-04-15h58m34s854,0
vlcsnap-2019-10-04-15h58m36s705,0
vlcsnap-2019-10-04-15h58m39s784,0
vlcsnap-2019-10-09-14h46m07s113,0
vlcsnap-2019-10-09-14h46m09s856,0
vlcsnap-2019-10-09-14h46m12s590,0
vlcsnap-2019-10-09-14h46m14s793,0
vlcsnap-2019-10-09-14h46m16s430,0
vlcsnap-2019-10-09-14h46m17s958,0
vlcsnap-2019-10-09-14h46m21s336,0
vlcsnap-2019-10-09-14h46m23s778,0
vlcsnap-2019-10-09-14h46m25s981,0
vlcsnap-2019-10-09-14h46m28s015,0
vlcsnap-2019-10-09-14h46m29s861,0
vlcsnap-2019-10-09-14h46m33s094,0
vlcsnap-2019-10-09-14h46m35s484,0
vlcsnap-2019-10-09-14h46m39s264,0
vlcsnap-2019-10-09-14h46m41s840,0
vlcsnap-2019-10-09-14h46m43s819,0
vlcsnap-2019-10-09-14h46m45s983,0
vlcsnap-2019-10-09-14h46m48s788,0
vlcsnap-2019-10-09-14h46m51s660,0
vlcsnap-2019-10-09-14h46m53s481,0
vlcsnap-2019-10-09-14h46m56s725,0
vlcsnap-2019-10-09-14h47m00s693,0
vlcsnap-2019-10-09-14h47m02s410,0
vlcsnap-2019-10-09-14h47m05s963,0
vlcsnap-2019-10-09-14h47m08s495,0
vlcsnap-2019-10-09-14h47m11s271,0
vlcsnap-2019-10-09-14h47m14s857,0
vlcsnap-2019-10-09-14h47m17s832,0
vlcsnap-2019-10-09-14h47m21s650,0
vlcsnap-2019-10-09-14h47m25s124,0
vlcsnap-2019-10-09-14h47m27s723,0
vlcsnap-2019-10-09-14h47m32s345,0
vlcsnap-2019-10-09-14h47m35s891,0
vlcsnap-2019-10-09-14h47m41s569,0
vlcsnap-2019-10-09-14h47m44s308,0
vlcsnap-2019-10-09-14h47m47s955,0
vlcsnap-2019-10-09-14h47m50s836,0
vlcsnap-2019-10-09-14h47m53s858,0
vlcsnap-2019-10-09-14h47m56s556,0
vlcsnap-2019-10-09-14h48m00s209,0
vlcsnap-2019-10-09-14h48m02s449,0
vlcsnap-2019-10-09-14h48m05s699,0
vlcsnap-2019-10-09-14h48m09s383,0
vlcsnap-2019-10-09-14h48m12s463,0
vlcsnap-2019-10-09-14h48m15s665,0
vlcsnap-2019-10-09-14h48m18s445,0
vlcsnap-2019-10-09-14h48m21s025,0
vlcsnap-2019-10-09-14h48m24s304,0
vlcsnap-2019-10-09-14h48m28s091,0
vlcsnap-2019-10-09-14h48m30s502,0
vlcsnap-2019-10-09-14h48m33s355,0
vlcsnap-2019-10-09-14h48m35s719,1
vlcsnap-2019-10-09-14h48m39s474,0
vlcsnap-2019-10-09-14h48m48s128,0
vlcsnap-2019-10-09-14h48m50s814,0
vlcsnap-2019-10-09-14h48m53s723,0
vlcsnap-2019-10-09-14h48m57s929,0
vlcsnap-2019-10-09-14h54m03s641,0
vlcsnap-2019-10-09-14h54m09s360,0
vlcsnap-2019-10-09-14h54m12s335,0
vlcsnap-2019-10-09-14h54m16s620,0
vlcsnap-2019-10-09-14h54m21s669,0
vlcsnap-2019-10-09-14h54m23s898,0
vlcsnap-2019-10-09-14h54m26s318,0
vlcsnap-2019-10-09-14h54m28s940,0
vlcsnap-2019-10-09-14h54m32s589,0
vlcsnap-2019-10-09-14h54m34s933,0
vlcsnap-2019-10-09-14h54m37s809,0
vlcsnap-2019-10-09-14h54m40s360,0
vlcsnap-2019-10-09-14h54m42s312,0
vlcsnap-2019-10-09-14h54m44s931,0
vlcsnap-2019-10-09-14h54m47s439,0
vlcsnap-2019-10-09-14h54m49s921,0
vlcsnap-2019-10-09-14h54m52s074,0
vlcsnap-2019-10-09-14h54m54s149,0
vlcsnap-2019-10-09-14h54m55s733,0
vlcsnap-2019-10-09-14h55m02s180,0
vlcsnap-2019-10-09-14h55m04s554,0
vlcsnap-2019-10-09-14h55m07s130,0
vlcsnap-2019-10-09-14h55m10s213,0
vlcsnap-2019-10-09-14h55m12s469,0
vlcsnap-2019-10-09-14h55m15s131,0
vlcsnap-2019-10-09-14h55m17s767,0
vlcsnap-2019-10-09-14h55m20s558,0
vlcsnap-2019-10-09-14h55m23s844,0
vlcsnap-2019-10-09-14h55m26s919,0
vlcsnap-2019-10-09-14h55m29s699,0
vlcsnap-2019-10-09-14h55m33s186,0
vlcsnap-2019-10-09-14h55m35s105,1
vlcsnap-2019-10-09-14h55m39s526,1
vlcsnap-2019-10-09-14h55m41s871,1
vlcsnap-2019-10-09-14h55m44s021,0
vlcsnap-2019-10-09-14h55m46s330,0
vlcsnap-2019-10-09-14h55m50s877,0
vlcsnap-2019-10-09-14h55m53s451,0
vlcsnap-2019-10-09-14h55m56s461,0
vlcsnap-2019-10-09-14h55m58s450,0
vlcsnap-2019-10-09-14h56m00s769,0
vlcsnap-2019-10-09-14h56m03s106,0
vlcsnap-2019-10-09-14h56m05s705,0
vlcsnap-2019-10-09-14h56m07s959,0
vlcsnap-2019-10-09-14h56m10s969,1
vlcsnap-2019-10-09-14h56m14s680,0
vlcsnap-2019-10-09-14h56m16s905,1
vlcsnap-2019-10-09-14h56m19s495,2
vlcsnap-2019-10-09-14h56m21s945,1
vlcsnap-2019-10-09-14h56m23s603,1
vlcsnap-2019-10-09-14h56m25s857,0
vlcsnap-2019-10-09-14h56m28s869,0
vlcsnap-2019-10-09-14h56m31s386,0
vlcsnap-2019-10-09-14h56m33s328,0
vlcsnap-2019-10-09-14h56m35s792,0
vlcsnap-2019-10-09-14h56m38s994,0
vlcsnap-2019-10-09-14h56m41s748,0
vlcsnap-2019-10-09-14h56m45s023,0
vlcsnap-2019-10-09-14h56m47s899,0
vlcsnap-2019-10-09-14h56m50s008,0
vlcsnap-2019-10-09-14h56m52s824,0
vlcsnap-2019-10-16-15h47m32s923,3
vlcsnap-2019-10-16-15h47m38s365,3
vlcsnap-2019-10-16-15h47m40s746,2
vlcsnap-2019-10-16-15h47m47s877,2
vlcsnap-2019-10-16-15h47m51s306,2
vlcsnap-2019-10-16-15h47m53s814,0
vlcsnap-2019-10-16-15h47m57s054,0
vlcsnap-2019-10-16-15h48m00s633,1
vlcsnap-2019-10-16-15h48m04s401,2
vlcsnap-2019-10-16-15h48m07s477,2
vlcsnap-2019-10-16-15h48m12s722,1
vlcsnap-2019-10-16-15h48m15s500,0
vlcsnap-2019-10-16-15h48m17s936,0
vlcsnap-2019-10-16-15h48m20s358,0
vlcsnap-2019-10-16-15h48m23s446,0
vlcsnap-2019-10-16-15h48m26s582,0
vlcsnap-2019-10-16-15h48m31s019,0
vlcsnap-2019-10-16-15h48m33s418,0
vlcsnap-2019-10-16-15h48m35s989,0
vlcsnap-2019-10-16-15h48m39s726,0
vlcsnap-2019-10-16-15h48m42s269,0
vlcsnap-2019-10-16-15h48m47s917,0
vlcsnap-2019-10-16-15h48m51s906,0
vlcsnap-2019-10-16-15h48m56s478,0
vlcsnap-2019-10-16-15h48m59s225,0
vlcsnap-2019-10-16-15h49m01s646,0
vlcsnap-2019-10-16-15h49m04s117,0
vlcsnap-2019-10-16-15h49m06s773,0
vlcsnap-2019-10-16-15h49m09s886,0
vlcsnap-2019-10-16-15h49m13s145,0
vlcsnap-2019-10-16-15h49m16s282,0
vlcsnap-2019-10-16-15h49m19s174,0
vlcsnap-2019-10-16-15h49m21s903,0
vlcsnap-2019-10-16-15h49m24s915,2
vlcsnap-2019-10-16-15h49m28s737,2
vlcsnap-2019-10-16-15h49m33s259,0
vlcsnap-2019-10-16-15h49m35s321,0
vlcsnap-2019-10-16-15h49m37s809,0
vlcsnap-2019-10-16-15h49m40s370,0
vlcsnap-2019-10-16-15h49m44s418,1
vlcsnap-2019-10-16-15h49m46s828,1
vlcsnap-2019-10-16-15h49m49s656,0
vlcsnap-2019-10-16-15h49m52s186,0
vlcsnap-2019-10-16-15h49m55s059,1
vlcsnap-2019-10-16-15h49m57s836,1
vlcsnap-2019-10-16-15h50m00s667,1
vlcsnap-2019-10-16-15h50m03s066,0
vlcsnap-2019-10-16-15h50m06s011,0
vlcsnap-2019-10-16-15h50m09s357,0
vlcsnap-2019-10-16-15h50m12s234,0
vlcsnap-2019-10-16-15h50m14s943,0
vlcsnap-2019-10-16-15h50m17s520,0
vlcsnap-2019-10-16-15h50m19s763,0
vlcsnap-2019-10-16-15h50m22s031,0
vlcsnap-2019-10-16-15h50m27s279,0
vlcsnap-2019-10-16-15h50m29s454,1
vlcsnap-2019-10-16-15h50m32s113,0
vlcsnap-2019-10-16-15h50m34s507,0
vlcsnap-2019-10-16-15h50m37s972,0
vlcsnap-2019-10-16-15h50m40s151,0
vlcsnap-2019-10-16-15h50m43s587,0
vlcsnap-2019-10-16-15h50m45s696,0
vlcsnap-2019-10-16-15h50m48s896,0
vlcsnap-2019-10-16-15h50m51s001,0
vlcsnap-2019-10-16-15h51m01s695,0
vlcsnap-2019-10-16-15h51m03s935,0
vlcsnap-2019-10-16-15h51m07s624,0
vlcsnap-2019-10-16-15h51m09s988,0
vlcsnap-2019-10-16-15h51m12s854,0
vlcsnap-2019-10-16-15h51m15s525,0
vlcsnap-2019-10-16-15h51m18s111,0
vlcsnap-2019-10-16-15h51m20s740,0
vlcsnap-2019-10-16-15h51m22s599,1
vlcsnap-2019-10-16-15h51m24s816,1
vlcsnap-2019-10-16-15h51m27s249,0
vlcsnap-2019-10-16-15h51m29s998,0
vlcsnap-2019-10-16-15h51m32s447,0
vlcsnap-2019-10-16-15h51m35s079,0
vlcsnap-2019-10-16-15h51m37s537,0
vlcsnap-2019-10-16-15h51m40s919,0
vlcsnap-2019-10-16-15h51m43s667,0
vlcsnap-2019-10-16-15h52m50s099,0
vlcsnap-2019-10-16-15h52m52s463,0
vlcsnap-2019-10-16-15h52m54s558,0
vlcsnap-2019-10-16-15h52m56s604,0
vlcsnap-2019-10-16-15h52m58s633,0
vlcsnap-2019-10-16-15h53m01s011,0
vlcsnap-2019-10-16-15h53m06s682,1
vlcsnap-2019-10-16-15h53m10s525,1
vlcsnap-2019-10-16-15h53m12s976,0
vlcsnap-2019-10-16-15h53m15s647,0
vlcsnap-2019-10-16-15h53m18s957,0
vlcsnap-2019-10-16-15h53m20s977,0
vlcsnap-2019-10-16-15h53m23s930,0
vlcsnap-2019-10-16-15h53m26s469,0
vlcsnap-2019-10-16-15h53m29s638,1
vlcsnap-2019-10-16-15h53m33s819,5
vlcsnap-2019-10-16-15h53m36s181,5
vlcsnap-2019-10-16-15h53m40s613,4
vlcsnap-2019-10-16-15h53m42s986,4
vlcsnap-2019-10-16-15h53m46s164,3
vlcsnap-2019-10-16-15h53m48s644,10
vlcsnap-2019-10-16-15h53m52s708,14
vlcsnap-2019-10-16-15h53m57s506,6
vlcsnap-2019-10-16-15h54m00s030,1
vlcsnap-2019-10-16-15h54m02s559,0
vlcsnap-2019-10-16-15h54m05s094,0
vlcsnap-2019-10-16-15h54m07s643,0
vlcsnap-2019-10-16-15h54m10s016,0
vlcsnap-2019-10-16-15h54m12s851,0
vlcsnap-2019-10-16-15h54m16s246,0
vlcsnap-2019-10-17-14h48m47s408,0
vlcsnap-2019-10-17-14h48m49s613,0
vlcsnap-2019-10-17-14h48m51s645,0
vlcsnap-2019-10-17-14h48m53s459,0
vlcsnap-2019-10-17-14h48m55s210,0
vlcsnap-2019-10-17-14h48m57s489,0
vlcsnap-2019-10-17-14h49m01s144,0
vlcsnap-2019-10-17-14h49m03s422,0
vlcsnap-2019-10-17-14h49m05s903,0
vlcsnap-2019-10-17-14h49m08s158,0
vlcsnap-2019-10-17-14h49m11s331,0
vlcsnap-2019-10-17-14h49m14s106,0
vlcsnap-2019-10-17-14h49m18s985,0
vlcsnap-2019-10-17-14h49m21s175,1
vlcsnap-2019-10-17-14h49m23s556,1
vlcsnap-2019-10-17-14h49m25s724,0
vlcsnap-2019-10-17-14h49m28s047,0
vlcsnap-2019-10-17-14h49m31s854,0
vlcsnap-2019-10-17-14h49m34s229,0
vlcsnap-2019-10-17-14h49m36s530,0
vlcsnap-2019-10-17-14h49m38s813,0
vlcsnap-2019-10-17-14h49m41s051,0
vlcsnap-2019-10-17-14h49m43s124,0
vlcsnap-2019-10-17-14h49m46s633,0
vlcsnap-2019-10-17-14h49m50s540,0
vlcsnap-2019-10-17-14h49m53s077,0
vlcsnap-2019-10-17-14h49m56s487,0
vlcsnap-2019-10-17-14h49m58s808,0
vlcsnap-2019-10-17-14h50m00s476,0
vlcsnap-2019-10-17-14h50m02s561,0
vlcsnap-2019-10-17-14h50m04s893,0
vlcsnap-2019-10-17-14h50m07s050,0
vlcsnap-2019-10-17-14h50m09s692,0
vlcsnap-2019-10-17-14h50m12s502,0
vlcsnap-2019-10-17-14h50m15s221,0
vlcsnap-2019-10-17-14h50m17s573,0
vlcsnap-2019-10-17-14h50m20s138,0
vlcsnap-2019-10-17-14h50m22s479,0
vlcsnap-2019-10-17-14h50m25s063,0
vlcsnap-2019-10-17-14h50m27s223,0
vlcsnap-2019-10-17-14h50m30s864,0
vlcsnap-2019-10-17-14h50m33s531,0
vlcsnap-2019-10-17-14h50m36s339,0
vlcsnap-2019-10-17-14h50m39s241,0
vlcsnap-2019-10-17-14h50m52s764,0
vlcsnap-2019-10-17-14h50m54s564,0
vlcsnap-2019-10-17-14h50m56s397,0
vlcsnap-2019-10-17-14h51m01s252,0
vlcsnap-2019-10-17-14h51m04s402,0
vlcsnap-2019-10-17-14h51m07s840,0
vlcsnap-2019-10-17-14h51m10s406,0
vlcsnap-2019-10-17-14h51m13s637,0
vlcsnap-2019-10-17-14h51m15s492,0
vlcsnap-2019-10-17-14h51m18s274,0
vlcsnap-2019-10-17-14h51m22s514,0
vlcsnap-2019-10-17-15h01m59s402,0
vlcsnap-2019-10-17-15h02m02s377,0
vlcsnap-2019-10-17-15h02m05s351,2
vlcsnap-2019-10-17-15h02m07s479,2
vlcsnap-2019-10-17-15h02m09s794,0
vlcsnap-2019-10-17-15h02m11s672,0
vlcsnap-2019-10-17-15h02m14s231,0
vlcsnap-2019-10-17-15h02m17s489,0
vlcsnap-2019-10-17-15h02m20s189,0
vlcsnap-2019-10-17-15h02m22s572,0
vlcsnap-2019-10-17-15h02m25s576,0
vlcsnap-2019-10-17-15h02m27s433,0
vlcsnap-2019-10-17-15h02m29s633,0
vlcsnap-2019-10-17-15h02m32s148,0
vlcsnap-2019-10-17-15h02m34s669,0
vlcsnap-2019-10-17-15h02m36s805,0
vlcsnap-2019-10-17-15h02m39s127,0
vlcsnap-2019-10-17-15h02m42s251,0
vlcsnap-2019-10-17-15h02m45s472,0
vlcsnap-2019-10-17-15h02m48s385,0
vlcsnap-2019-10-17-15h02m51s499,0
vlcsnap-2019-10-17-15h02m54s613,0
vlcsnap-2019-10-17-15h02m56s979,0
vlcsnap-2019-10-17-15h02m59s606,0
vlcsnap-2019-10-17-15h03m01s809,0
vlcsnap-2019-10-17-15h03m04s145,0
vlcsnap-2019-10-17-15h03m06s817,0
vlcsnap-2019-10-17-15h03m11s446,0
vlcsnap-2019-10-17-15h03m13s952,0
vlcsnap-2019-10-17-15h03m15s953,0
vlcsnap-2019-10-17-15h03m18s730,0
vlcsnap-2019-10-17-15h03m21s604,0
vlcsnap-2019-10-17-15h03m24s055,0
vlcsnap-2019-10-17-15h03m27s218,0
vlcsnap-2019-10-17-15h03m29s600,0
vlcsnap-2019-10-17-15h03m31s590,0
vlcsnap-2019-10-17-15h03m35s490,0
vlcsnap-2019-10-17-15h03m37s884,0
vlcsnap-2019-10-17-15h03m40s573,0
vlcsnap-2019-10-17-15h03m43s939,0
vlcsnap-2019-10-17-15h03m47s584,0
vlcsnap-2019-10-17-15h03m50s601,0
vlcsnap-2019-10-17-15h03m53s332,0
vlcsnap-2019-10-17-15h03m55s757,0
vlcsnap-2019-10-17-15h03m58s405,0
vlcsnap-2019-10-17-15h04m01s630,0
vlcsnap-2019-10-17-15h04m04s492,0
vlcsnap-2019-10-17-15h04m06s786,0
vlcsnap-2019-10-17-15h04m08s736,0
vlcsnap-2019-10-17-15h23m37s472,11
vlcsnap-2019-10-17-15h23m40s313,9
vlcsnap-2019-10-17-15h23m43s070,7
vlcsnap-2019-10-17-15h23m45s085,5
vlcsnap-2019-10-17-15h23m49s593,1
vlcsnap-2019-10-17-15h23m52s505,0
vlcsnap-2019-10-17-15h23m54s536,0
vlcsnap-2019-10-17-15h23m56s992,0
vlcsnap-2019-10-17-15h23m59s426,0
vlcsnap-2019-10-17-15h24m02s543,0
vlcsnap-2019-10-17-15h24m04s578,0
vlcsnap-2019-10-17-15h24m06s544,0
vlcsnap-2019-10-17-15h24m09s012,0
vlcsnap-2019-10-17-15h24m12s270,0
vlcsnap-2019-10-17-15h24m15s718,0
vlcsnap-2019-10-17-15h24m18s365,0
vlcsnap-2019-10-17-15h24m20s851,0
vlcsnap-2019-10-17-15h24m23s879,2
vlcsnap-2019-10-17-15h24m25s968,3
vlcsnap-2019-10-17-15h24m28s957,5
vlcsnap-2019-10-17-15h24m34s249,3
vlcsnap-2019-10-17-15h24m38s723,3
vlcsnap-2019-10-17-15h24m42s201,1
vlcsnap-2019-10-17-15h24m44s400,3
vlcsnap-2019-10-17-15h24m47s118,4
vlcsnap-2019-10-17-15h24m49s514,4
vlcsnap-2019-10-17-15h24m52s595,3
vlcsnap-2019-10-17-15h24m55s166,2
vlcsnap-2019-10-17-15h24m57s619,2
vlcsnap-2019-10-17-15h25m00s458,1
vlcsnap-2019-10-17-15h25m02s671,1
vlcsnap-2019-10-17-15h25m04s969,0
vlcsnap-2019-10-17-15h25m07s547,0
vlcsnap-2019-10-17-15h25m10s404,0
vlcsnap-2019-10-17-15h25m13s432,0
vlcsnap-2019-10-17-15h25m16s135,0
vlcsnap-2019-10-17-15h25m19s140,0
vlcsnap-2019-10-17-15h25m22s392,0
vlcsnap-2019-10-17-15h25m24s803,0
vlcsnap-2019-10-17-15h25m27s264,0
vlcsnap-2019-10-17-15h25m30s626,0
vlcsnap-2019-10-17-15h25m34s602,0
vlcsnap-2019-10-17-15h25m38s407,0
vlcsnap-2019-10-17-15h25m40s176,0
vlcsnap-2019-10-17-15h25m42s461,0
vlcsnap-2019-10-17-15h25m45s927,0
vlcsnap-2019-10-17-15h25m48s377,0
vlcsnap-2019-10-17-15h25m51s761,1
vlcsnap-2019-10-17-15h25m53s799,1
vlcsnap-2019-10-17-15h25m56s252,0
vlcsnap-2019-10-17-15h25m58s847,0
vlcsnap-2019-10-17-15h26m01s737,0
vlcsnap-2019-10-17-15h26m04s685,0
vlcsnap-2019-10-17-15h26m07s269,0
vlcsnap-2019-10-17-15h26m09s620,0
vlcsnap-2019-10-17-15h26m12s572,0
vlcsnap-2019-10-17-15h26m15s444,0
vlcsnap-2019-10-17-15h26m17s653,0
vlcsnap-2019-10-17-15h26m21s047,0
vlcsnap-2019-10-17-15h26m23s745,0
vlcsnap-2019-10-17-15h26m25s959,0
vlcsnap-2019-10-17-15h26m29s167,0
vlcsnap-2019-10-17-15h26m32s102,0
vlcsnap-2019-10-17-16h11m39s436,2
vlcsnap-2019-10-17-16h11m43s039,2
vlcsnap-2019-10-17-16h11m45s491,4
vlcsnap-2019-10-17-16h11m49s241,13
vlcsnap-2019-10-17-16h11m52s328,9
vlcsnap-2019-10-17-16h11m54s924,7
vlcsnap-2019-10-17-16h11m57s346,4
vlcsnap-2019-10-17-16h12m00s041,9
vlcsnap-2019-10-17-16h12m03s174,6
vlcsnap-2019-10-17-16h12m06s084,3
vlcsnap-2019-10-17-16h12m09s360,0
vlcsnap-2019-10-17-16h12m11s643,2
vlcsnap-2019-10-17-16h12m14s746,3
vlcsnap-2019-10-17-16h12m17s623,5
vlcsnap-2019-10-17-16h12m20s252,2
vlcsnap-2019-10-17-16h12m23s344,1
vlcsnap-2019-10-17-16h12m25s435,0
vlcsnap-2019-10-17-16h12m28s711,3
vlcsnap-2019-10-17-16h12m34s699,6
vlcsnap-2019-10-17-16h12m39s491,10
vlcsnap-2019-10-17-16h12m42s789,5
vlcsnap-2019-10-17-16h12m46s272,5
vlcsnap-2019-10-17-16h12m49s675,7
vlcsnap-2019-10-17-16h12m52s672,8
vlcsnap-2019-10-17-16h12m55s937,4
vlcsnap-2019-10-17-16h12m58s708,1
vlcsnap-2019-10-17-16h13m01s805,4
vlcsnap-2019-10-17-16h13m05s376,4
vlcsnap-2019-10-17-16h13m09s532,4
vlcsnap-2019-10-17-16h13m12s759,2
vlcsnap-2019-10-17-16h13m16s488,1
vlcsnap-2019-10-17-16h13m27s352,3
vlcsnap-2019-10-17-16h13m31s359,0
vlcsnap-2019-10-17-16h13m33s595,0
vlcsnap-2019-10-17-16h13m36s112,0
vlcsnap-2019-10-17-16h13m38s618,1
vlcsnap-2019-10-17-16h13m41s865,2
vlcsnap-2019-10-17-16h13m44s494,4
vlcsnap-2019-10-17-16h13m48s422,1
vlcsnap-2019-10-17-16h13m51s690,1
vlcsnap-2019-10-17-16h13m53s967,0
vlcsnap-2019-10-17-16h13m57s028,0
vlcsnap-2019-10-17-16h13m59s254,2
vlcsnap-2019-10-17-16h14m01s619,2
vlcsnap-2019-10-17-16h14m04s870,5
vlcsnap-2019-10-17-16h14m08s329,7
vlcsnap-2019-10-17-16h14m12s591,3
vlcsnap-2019-10-17-16h14m15s605,0
vlcsnap-2019-10-17-16h14m18s264,1
vlcsnap-2019-10-17-16h14m21s423,1
vlcsnap-2019-10-17-16h14m23s909,0
vlcsnap-2019-10-17-16h14m26s692,0
vlcsnap-2019-10-17-16h14m29s207,0
vlcsnap-2019-10-17-16h14m31s439,0
vlcsnap-2019-10-17-16h14m33s834,0
vlcsnap-2019-10-17-16h14m36s595,0
vlcsnap-2019-10-17-16h14m39s239,0
vlcsnap-2019-10-17-16h14m41s987,0
vlcsnap-2019-10-17-16h14m43s919,0
vlcsnap-2019-10-17-16h14m46s294,0
vlcsnap-2019-10-17-16h14m48s622,0
vlcsnap-2019-10-17-16h14m51s138,0
vlcsnap-2019-10-17-16h14m54s212,0
vlcsnap-2019-10-17-16h14m56s922,0
vlcsnap-2019-10-17-16h14m58s917,0
vlcsnap-2019-10-17-16h15m01s033,0
vlcsnap-2019-10-17-16h15m03s290,0
vlcsnap-2019-10-17-16h15m05s726,0
vlcsnap-2019-10-17-16h15m08s301,0
vlcsnap-2019-10-17-16h15m10s119,0
vlcsnap-2019-10-17-16h15m12s471,0
vlcsnap-2019-10-17-16h15m14s393,0
vlcsnap-2019-10-17-16h15m16s844,0
vlcsnap-2019-10-17-16h15m19s570,0
vlcsnap-2019-10-17-16h15m21s487,0
vlcsnap-2019-10-17-16h15m24s080,0
vlcsnap-2019-10-17-16h15m27s643,0
vlcsnap-2019-10-17-16h15m31s585,0
vlcsnap-2019-10-17-16h15m33s990,0
vlcsnap-2019-10-17-16h15m37s021,0
vlcsnap-2019-10-17-16h15m39s311,0
vlcsnap-2019-10-17-16h15m41s680,0
vlcsnap-2019-10-17-16h15m44s194,0
vlcsnap-2019-10-17-16h15m46s897,1
vlcsnap-2019-10-17-16h15m49s329,1
vlcsnap-2019-10-17-16h15m51s694,1
vlcsnap-2019-10-17-16h15m55s865,5
vlcsnap-2019-10-17-16h15m59s899,9
vlcsnap-2019-10-17-16h16m02s166,9
vlcsnap-2019-10-17-16h16m05s833,8
vlcsnap-2019-10-17-16h16m08s101,7
vlcsnap-2019-10-17-16h16m10s369,5
vlcsnap-2019-10-17-16h16m12s779,4
vlcsnap-2019-10-17-16h16m15s659,3
vlcsnap-2019-10-17-16h16m18s048,1
vlcsnap-2019-10-17-16h16m19s551,0
vlcsnap-2019-10-17-16h16m22s008,0
vlcsnap-2019-10-17-16h16m24s559,0
vlcsnap-2019-10-17-16h16m27s487,0
vlcsnap-2019-10-17-16h16m29s759,0
vlcsnap-2019-10-17-18h03m01s865,2
vlcsnap-2019-10-17-18h03m12s088,2
vlcsnap-2019-10-17-18h03m15s023,0
vlcsnap-2019-10-17-18h03m17s357,0
vlcsnap-2019-10-17-18h03m20s267,0
vlcsnap-2019-10-17-18h03m23s190,1
vlcsnap-2019-10-17-18h03m26s482,2
vlcsnap-2019-10-17-18h03m31s138,11
vlcsnap-2019-10-17-18h03m34s657,16
vlcsnap-2019-10-17-18h03m37s708,18
vlcsnap-2019-10-17-18h03m40s930,12
vlcsnap-2019-10-17-18h03m43s170,14
vlcsnap-2019-10-17-18h03m46s308,8
vlcsnap-2019-10-17-18h03m49s722,1
vlcsnap-2019-10-17-18h03m53s548,1
vlcsnap-2019-10-17-18h03m56s362,4
vlcsnap-2019-10-17-18h03m58s827,4
vlcsnap-2019-10-17-18h04m02s894,1
vlcsnap-2019-10-17-18h04m05s712,1
vlcsnap-2019-10-17-18h04m09s903,0
vlcsnap-2019-10-17-18h04m12s209,2
vlcsnap-2019-10-17-18h04m14s489,1
vlcsnap-2019-10-17-18h04m16s847,1
vlcsnap-2019-10-17-18h04m19s526,0
vlcsnap-2019-10-17-18h04m22s047,1
vlcsnap-2019-10-17-18h04m26s676,1
vlcsnap-2019-10-17-18h04m30s425,0
vlcsnap-2019-10-17-18h04m33s065,3
vlcsnap-2019-10-17-18h04m37s227,3
vlcsnap-2019-10-17-18h04m39s994,0
vlcsnap-2019-10-17-18h04m43s339,0
vlcsnap-2019-10-17-18h04m45s992,0
vlcsnap-2019-10-17-18h04m49s174,0
vlcsnap-2019-10-17-18h04m52s638,0
vlcsnap-2019-10-17-18h04m55s450,0
vlcsnap-2019-10-17-18h05m00s590,0
vlcsnap-2019-10-17-18h05m02s652,0
vlcsnap-2019-10-17-18h05m06s428,0
vlcsnap-2019-10-17-18h05m08s923,0
vlcsnap-2019-10-17-18h05m11s910,0
vlcsnap-2019-10-17-18h05m14s788,0
vlcsnap-2019-10-17-18h05m17s286,0
vlcsnap-2019-10-17-18h05m19s522,0
vlcsnap-2019-10-17-18h05m21s458,0
vlcsnap-2019-10-17-18h05m25s614,0
vlcsnap-2019-10-17-18h05m27s660,0
vlcsnap-2019-10-17-18h05m29s791,0
vlcsnap-2019-10-17-18h05m32s655,0
vlcsnap-2019-10-17-18h05m35s110,0
vlcsnap-2019-10-17-18h05m37s228,0
vlcsnap-2019-10-17-18h05m39s333,0
vlcsnap-2019-10-17-18h05m41s526,0
vlcsnap-2019-10-17-18h05m45s304,0
vlcsnap-2019-10-17-18h05m47s202,0
vlcsnap-2019-10-17-18h05m50s112,0
vlcsnap-2019-10-17-18h05m52s083,0
vlcsnap-2019-10-17-18h05m54s264,0
vlcsnap-2019-10-17-18h05m56s945,0
vlcsnap-2019-10-17-18h05m59s106,0
vlcsnap-2019-10-17-18h06m01s710,0
vlcsnap-2019-10-17-18h06m04s067,0
vlcsnap-2019-10-17-18h06m06s583,0
vlcsnap-2019-10-17-18h06m09s412,0
vlcsnap-2019-10-17-18h06m11s798,0
vlcsnap-2019-10-17-18h06m15s251,0
vlcsnap-2019-10-17-18h06m17s340,0
vlcsnap-2019-10-17-18h06m20s452,0
vlcsnap-2019-10-17-18h06m22s876,0
vlcsnap-2019-10-17-18h06m25s562,0
vlcsnap-2019-10-17-18h06m27s882,0
vlcsnap-2019-10-17-18h06m30s411,0
vlcsnap-2019-10-17-18h06m33s344,1
vlcsnap-2019-10-17-18h06m36s044,2
vlcsnap-2019-10-17-18h06m38s529,0
vlcsnap-2019-10-17-18h06m40s769,0
vlcsnap-2019-10-17-18h06m43s302,0
vlcsnap-2019-10-17-18h06m45s559,0
vlcsnap-2019-10-17-18h06m49s651,0
vlcsnap-2019-10-17-18h06m52s624,0
vlcsnap-2019-10-17-18h06m55s286,0
vlcsnap-2019-10-17-18h06m58s215,5
vlcsnap-2019-10-17-18h07m00s618,13
vlcsnap-2019-10-17-18h07m04s206,18
vlcsnap-2019-10-17-18h07m09s476,11
vlcsnap-2019-10-17-18h07m12s963,15
vlcsnap-2019-10-17-18h07m15s821,11
vlcsnap-2019-10-17-18h07m18s422,0
vlcsnap-2019-10-17-18h07m22s758,0
vlcsnap-2019-10-17-18h07m29s295,1
vlcsnap-2019-10-17-18h07m34s867,5
vlcsnap-2019-10-17-18h07m38s327,10
vlcsnap-2019-10-17-18h07m41s158,5
vlcsnap-2019-10-17-18h07m43s990,1
vlcsnap-2019-10-17-18h07m46s124,2
vlcsnap-2019-10-21-14h09m02s539,0
vlcsnap-2019-10-21-14h09m06s748,0
vlcsnap-2019-10-21-14h09m09s746,0
vlcsnap-2019-10-21-14h09m11s741,0
vlcsnap-2019-10-21-14h10m57s541,0
vlcsnap-2019-10-21-14h11m06s130,0
vlcsnap-2019-10-21-14h11m12s457,0
vlcsnap-2019-10-21-14h11m18s038,0
vlcsnap-2019-10-21-14h11m25s140,0
vlcsnap-2019-10-21-14h11m39s354,0
vlcsnap-2019-10-21-14h11m46s313,0
vlcsnap-2019-10-21-14h11m53s976,0
vlcsnap-2019-10-21-14h11m59s344,0
vlcsnap-2019-10-21-14h12m04s720,0
vlcsnap-2019-10-21-14h12m11s131,0
vlcsnap-2019-10-21-14h12m17s054,0
vlcsnap-2019-10-21-14h12m21s878,0
vlcsnap-2019-10-21-14h12m26s397,0
vlcsnap-2019-10-21-14h12m32s691,0
vlcsnap-2019-10-21-14h12m38s358,0
vlcsnap-2019-10-21-14h12m45s018,0
vlcsnap-2019-10-21-14h12m52s579,0
vlcsnap-2019-10-21-14h12m58s460,0
vlcsnap-2019-10-21-14h13m03s542,0
vlcsnap-2019-10-21-14h13m09s980,0
vlcsnap-2019-10-21-14h13m15s496,0
vlcsnap-2019-10-21-14h13m21s289,0
vlcsnap-2019-10-21-14h13m31s484,0
vlcsnap-2019-10-21-14h13m37s345,0
vlcsnap-2019-10-21-14h13m42s782,0
vlcsnap-2019-10-21-14h13m46s772,0
vlcsnap-2019-10-21-14h13m53s542,0
vlcsnap-2019-10-21-14h13m59s157,0
vlcsnap-2019-10-21-14h14m05s341,0
vlcsnap-2019-10-21-14h14m09s976,0
vlcsnap-2019-10-21-14h14m17s166,0
vlcsnap-2019-10-21-14h14m22s649,0
vlcsnap-2019-10-21-14h14m27s353,0
vlcsnap-2019-10-21-14h14m36s057,0
vlcsnap-2019-10-21-14h14m44s383,0
vlcsnap-2019-10-21-14h14m52s026,0
vlcsnap-2019-10-21-14h14m56s107,0
vlcsnap-2019-10-21-14h15m01s198,0
vlcsnap-2019-10-21-14h15m04s666,0
vlcsnap-2019-10-21-14h15m08s581,0
vlcsnap-2019-10-21-14h15m12s978,0
vlcsnap-2019-10-21-14h15m17s094,0
vlcsnap-2019-10-21-14h15m22s076,0
vlcsnap-2019-10-21-14h15m26s002,0
vlcsnap-2019-10-21-14h15m30s932,0
vlcsnap-2019-10-21-14h15m37s643,0
vlcsnap-2019-10-21-14h15m41s287,0
vlcsnap-2019-10-21-14h15m46s109,0
vlcsnap-2019-10-21-14h15m52s690,0
vlcsnap-2019-10-21-14h15m58s243,0
vlcsnap-2019-10-21-14h16m03s701,0
vlcsnap-2019-10-21-14h16m11s316,0
vlcsnap-2019-10-21-14h16m17s746,0
vlcsnap-2019-10-21-14h16m23s265,0
vlcsnap-2019-10-21-14h16m29s942,0
vlcsnap-2019-10-21-14h16m34s602,0
vlcsnap-2019-10-21-14h16m39s766,0
vlcsnap-2019-10-21-14h16m45s171,0
vlcsnap-2019-10-21-14h16m53s157,0
vlcsnap-2019-10-21-14h17m01s469,0
vlcsnap-2019-10-21-14h17m08s861,0
vlcsnap-2019-10-21-14h17m13s393,0
vlcsnap-2019-10-21-14h17m18s967,0
vlcsnap-2019-10-21-14h17m25s452,0
vlcsnap-2019-10-21-14h17m31s929,0
vlcsnap-2019-10-21-14h17m38s411,0
vlcsnap-2019-10-21-14h17m43s022,0
vlcsnap-2019-10-21-14h17m48s300,0
vlcsnap-2019-10-21-14h17m56s285,0
vlcsnap-2019-10-21-14h18m02s528,0
vlcsnap-2019-10-21-14h18m12s485,0
vlcsnap-2019-10-21-14h18m23s445,0
vlcsnap-2019-10-21-14h18m32s243,0
vlcsnap-2019-10-21-14h18m39s911,0
vlcsnap-2019-10-21-14h18m44s350,0
vlcsnap-2019-10-21-14h18m47s527,0
vlcsnap-2019-10-21-14h18m51s531,0
vlcsnap-2019-10-21-14h18m59s299,0
vlcsnap-2019-10-21-14h19m05s902,0
vlcsnap-2019-10-21-14h19m12s189,0
vlcsnap-2019-10-21-14h19m17s786,0
vlcsnap-2019-10-21-14h19m23s685,0
vlcsnap-2019-10-21-14h19m29s215,0
vlcsnap-2019-10-21-14h19m34s061,0
vlcsnap-2019-10-21-14h19m39s312,0
vlcsnap-2019-10-21-14h19m46s445,0
vlcsnap-2019-10-21-14h19m51s796,0
vlcsnap-2019-10-21-14h19m57s499,0
vlcsnap-2019-10-21-14h20m06s045,0
vlcsnap-2019-10-21-14h20m12s284,0
vlcsnap-2019-10-21-14h20m17s004,0
vlcsnap-2019-10-21-14h20m21s964,0
vlcsnap-2019-10-21-14h20m28s593,0
vlcsnap-2019-10-21-14h20m35s609,0
vlcsnap-2019-10-21-14h20m40s995,0
vlcsnap-2019-10-21-14h20m45s560,0
vlcsnap-2019-10-21-14h20m50s190,0
vlcsnap-2019-10-21-14h20m54s932,0
vlcsnap-2019-10-21-14h21m00s844,0
vlcsnap-2019-10-21-14h21m06s649,0
vlcsnap-2019-10-21-14h21m10s313,0
vlcsnap-2019-10-21-14h21m15s169,0
vlcsnap-2019-10-21-14h21m25s171,0
vlcsnap-2019-10-21-14h27m37s040,4
vlcsnap-2019-10-21-14h27m41s672,1
vlcsnap-2019-10-21-14h27m49s302,4
vlcsnap-2019-10-21-14h27m53s901,6
vlcsnap-2019-10-21-14h27m57s979,5
vlcsnap-2019-10-21-14h28m03s445,0
vlcsnap-2019-10-21-14h28m10s001,0
vlcsnap-2019-10-21-14h28m14s990,0
vlcsnap-2019-10-21-14h28m25s153,0
vlcsnap-2019-10-21-14h28m30s485,0
vlcsnap-2019-10-21-14h28m35s664,2
vlcsnap-2019-10-21-14h28m40s371,19
vlcsnap-2019-10-21-14h28m47s523,22
vlcsnap-2019-10-21-14h28m52s077,16
vlcsnap-2019-10-21-14h29m01s567,0
vlcsnap-2019-10-21-14h29m05s923,0
vlcsnap-2019-10-21-14h29m10s098,0
vlcsnap-2019-10-21-14h29m14s350,0
vlcsnap-2019-10-21-14h29m20s094,2
vlcsnap-2019-10-21-14h29m24s891,2
vlcsnap-2019-10-21-14h29m29s183,0
vlcsnap-2019-10-21-14h29m33s135,1
vlcsnap-2019-10-21-14h29m38s310,2
vlcsnap-2019-10-21-14h29m47s351,2
vlcsnap-2019-10-21-14h29m54s305,0
vlcsnap-2019-10-21-14h29m58s968,0
vlcsnap-2019-10-21-14h30m06s652,0
vlcsnap-2019-10-21-14h30m12s235,0
vlcsnap-2019-10-21-14h30m17s468,0
vlcsnap-2019-10-21-14h30m23s802,0
vlcsnap-2019-10-21-14h30m29s428,0
vlcsnap-2019-10-21-14h30m33s162,0
vlcsnap-2019-10-21-14h30m36s516,0
vlcsnap-2019-10-21-14h30m41s531,0
vlcsnap-2019-10-21-14h30m48s704,0
vlcsnap-2019-10-21-14h30m55s452,0
vlcsnap-2019-10-21-14h31m00s105,0
vlcsnap-2019-10-21-14h31m04s262,0
vlcsnap-2019-10-21-14h31m08s084,0
vlcsnap-2019-10-21-14h31m13s067,0
vlcsnap-2019-10-21-14h31m17s491,0
vlcsnap-2019-10-21-14h31m23s219,0
vlcsnap-2019-10-21-14h31m29s745,0
vlcsnap-2019-10-21-14h31m35s938,0
vlcsnap-2019-10-21-14h31m42s279,0
vlcsnap-2019-10-21-14h31m47s636,0
vlcsnap-2019-10-21-14h31m50s604,0
vlcsnap-2019-10-21-14h31m56s930,0
vlcsnap-2019-10-21-14h32m00s500,0
vlcsnap-2019-10-21-14h32m06s138,0
vlcsnap-2019-10-21-14h32m11s911,0
vlcsnap-2019-10-21-14h32m15s972,0
vlcsnap-2019-10-21-14h32m19s772,0
vlcsnap-2019-10-21-14h32m22s847,0
vlcsnap-2019-10-21-14h32m27s388,0
vlcsnap-2019-10-21-14h32m30s673,0
vlcsnap-2019-10-21-14h32m37s822,0
vlcsnap-2019-10-21-14h32m43s296,0
vlcsnap-2019-10-21-14h32m46s593,0
vlcsnap-2019-10-21-14h32m51s030,0
vlcsnap-2019-10-21-14h32m55s117,0
vlcsnap-2019-10-21-14h32m58s427,0
vlcsnap-2019-10-21-14h33m01s563,0
vlcsnap-2019-10-21-14h33m04s646,0
vlcsnap-2019-10-21-14h33m11s820,0
vlcsnap-2019-10-21-14h33m16s150,0
vlcsnap-2019-10-21-14h33m18s786,0
vlcsnap-2019-10-21-14h33m21s148,0
vlcsnap-2019-10-21-14h33m24s214,0
vlcsnap-2019-10-21-14h33m27s386,0
vlcsnap-2019-10-21-14h33m30s294,0
vlcsnap-2019-10-21-14h33m37s406,0
vlcsnap-2019-10-21-14h33m40s204,0
vlcsnap-2019-10-21-14h33m45s046,0
vlcsnap-2019-10-21-14h33m52s605,0
vlcsnap-2019-10-21-14h33m56s012,0
vlcsnap-2019-10-21-14h33m59s215,0
vlcsnap-2019-10-21-14h34m03s891,0
vlcsnap-2019-10-21-14h34m08s745,0
vlcsnap-2019-10-21-14h34m17s605,0
vlcsnap-2019-10-21-14h34m21s338,0
vlcsnap-2019-10-21-14h34m26s316,0
vlcsnap-2019-10-21-14h34m34s284,0
vlcsnap-2019-10-21-14h34m37s329,0
vlcsnap-2019-10-21-14h34m40s745,0
vlcsnap-2019-10-21-14h34m46s686,0
vlcsnap-2019-10-21-14h34m49s174,0
vlcsnap-2019-10-21-14h34m55s181,0
vlcsnap-2019-10-21-14h34m59s454,0
vlcsnap-2019-10-21-14h35m07s334,0
vlcsnap-2019-10-21-14h35m11s758,0
vlcsnap-2019-10-21-14h35m16s107,0
vlcsnap-2019-10-21-14h35m20s903,0
vlcsnap-2019-10-21-14h35m23s865,0
vlcsnap-2019-10-21-14h35m26s879,0
vlcsnap-2019-10-21-14h35m35s818,0
vlcsnap-2019-10-21-14h35m43s736,0
vlcsnap-2019-10-21-14h35m46s903,0
vlcsnap-2019-10-21-14h35m51s813,0
vlcsnap-2019-10-21-14h36m00s487,0
vlcsnap-2019-10-21-14h36m04s190,0
vlcsnap-2019-10-21-14h36m09s401,0
vlcsnap-2019-10-21-14h36m12s863,0
vlcsnap-2019-10-21-14h36m15s611,0
vlcsnap-2019-10-21-14h36m19s091,0
vlcsnap-2019-10-21-14h36m22s541,0
vlcsnap-2019-10-21-14h36m25s268,0
vlcsnap-2019-10-21-14h36m28s405,0
vlcsnap-2019-10-21-14h36m33s451,0
vlcsnap-2019-10-21-14h36m37s450,0
vlcsnap-2019-10-21-15h49m37s276,2
vlcsnap-2019-10-21-15h49m41s996,8
vlcsnap-2019-10-21-15h49m46s635,12
vlcsnap-2019-10-21-15h49m49s364,8
vlcsnap-2019-10-21-15h49m52s444,0
vlcsnap-2019-10-21-15h49m55s611,4
vlcsnap-2019-10-21-15h49m59s267,10
vlcsnap-2019-10-21-15h50m03s325,7
vlcsnap-2019-10-21-15h50m10s535,8
vlcsnap-2019-10-21-15h50m12s965,10
vlcsnap-2019-10-21-15h50m16s056,5
vlcsnap-2019-10-21-15h50m22s723,2
vlcsnap-2019-10-21-15h50m25s592,1
vlcsnap-2019-10-21-15h50m30s240,0
vlcsnap-2019-10-21-15h50m33s767,0
vlcsnap-2019-10-21-15h50m38s259,0
vlcsnap-2019-10-21-15h50m42s624,0
vlcsnap-2019-10-21-15h50m46s098,0
vlcsnap-2019-10-21-15h50m49s180,0
vlcsnap-2019-10-21-15h50m52s810,1
vlcsnap-2019-10-21-15h50m56s940,1
vlcsnap-2019-10-21-15h51m02s142,1
vlcsnap-2019-10-21-15h51m07s047,1
vlcsnap-2019-10-21-15h51m11s003,3
vlcsnap-2019-10-21-15h51m13s856,3
vlcsnap-2019-10-21-15h51m17s388,3
vlcsnap-2019-10-21-15h51m21s754,1
vlcsnap-2019-10-21-15h51m24s494,0
vlcsnap-2019-10-21-15h51m27s367,0
vlcsnap-2019-10-21-15h51m35s882,0
vlcsnap-2019-10-21-15h51m39s532,0
vlcsnap-2019-10-21-15h51m42s879,0
vlcsnap-2019-10-21-15h51m47s146,0
vlcsnap-2019-10-21-15h51m54s244,0
vlcsnap-2019-10-21-15h51m59s185,0
vlcsnap-2019-10-21-15h52m02s777,0
vlcsnap-2019-10-21-15h52m06s133,0
vlcsnap-2019-10-21-15h52m10s390,0
vlcsnap-2019-10-21-15h52m14s224,0
vlcsnap-2019-10-21-15h52m17s815,0
vlcsnap-2019-10-21-15h52m20s305,0
vlcsnap-2019-10-21-15h52m23s152,0
vlcsnap-2019-10-21-15h52m26s617,0
vlcsnap-2019-10-21-15h52m30s376,0
vlcsnap-2019-10-21-15h52m34s548,0
vlcsnap-2019-10-21-15h52m38s347,0
vlcsnap-2019-10-21-15h52m44s454,0
vlcsnap-2019-10-21-15h52m47s038,2
vlcsnap-2019-10-21-15h52m52s256,2
vlcsnap-2019-10-21-15h52m56s789,2
vlcsnap-2019-10-21-15h53m00s830,2
vlcsnap-2019-10-21-15h53m08s818,2
vlcsnap-2019-10-21-15h53m13s429,2
vlcsnap-2019-10-21-15h53m16s424,2
vlcsnap-2019-10-21-15h53m18s761,2
vlcsnap-2019-10-21-15h53m22s557,0
vlcsnap-2019-10-21-15h53m26s200,0
vlcsnap-2019-10-21-15h53m29s997,0
vlcsnap-2019-10-21-15h53m37s324,0
vlcsnap-2019-10-22-16h28m12s536,27
vlcsnap-2019-10-22-16h28m25s073,26
vlcsnap-2019-10-22-16h28m38s188,12
vlcsnap-2019-10-22-16h28m49s654,4
vlcsnap-2019-10-22-16h29m02s471,2
vlcsnap-2019-10-22-16h29m12s967,0
vlcsnap-2019-10-22-16h29m24s090,0
vlcsnap-2019-10-22-16h29m33s213,0
vlcsnap-2019-10-22-16h29m45s458,0
vlcsnap-2019-10-22-16h30m18s897,0
vlcsnap-2019-10-22-16h30m27s937,0
vlcsnap-2019-10-22-16h30m37s634,0
vlcsnap-2019-10-22-16h30m44s605,0
vlcsnap-2019-10-22-16h30m53s620,0
vlcsnap-2019-10-22-16h31m00s827,0
vlcsnap-2019-10-22-16h31m09s145,0
vlcsnap-2019-10-22-16h31m16s790,0
vlcsnap-2019-10-22-16h31m26s508,0
vlcsnap-2019-10-22-16h31m34s791,0
vlcsnap-2019-10-22-16h31m42s562,0
vlcsnap-2019-10-22-16h31m50s999,2
vlcsnap-2019-10-22-16h31m58s837,5
vlcsnap-2019-10-22-16h32m07s289,1
vlcsnap-2019-10-22-16h32m15s230,0
vlcsnap-2019-10-22-16h32m22s142,0
vlcsnap-2019-10-22-16h32m28s293,0
vlcsnap-2019-10-22-16h32m33s797,0
vlcsnap-2019-10-22-16h32m38s995,0
vlcsnap-2019-10-22-16h32m43s504,0
vlcsnap-2019-10-22-16h32m48s908,0
vlcsnap-2019-10-22-16h32m53s521,0
vlcsnap-2019-10-22-16h32m58s869,0
vlcsnap-2019-10-22-16h33m03s609,0
vlcsnap-2019-10-22-16h33m08s502,0
vlcsnap-2019-10-22-16h33m13s627,0
vlcsnap-2019-10-22-16h33m18s475,0
vlcsnap-2019-10-22-16h33m23s632,0
vlcsnap-2019-10-22-16h33m28s505,0
vlcsnap-2019-10-22-16h33m33s526,0
vlcsnap-2019-10-22-16h33m38s847,0
vlcsnap-2019-10-22-16h33m43s594,0
vlcsnap-2019-10-22-16h33m48s756,0
vlcsnap-2019-10-22-16h33m53s787,0
vlcsnap-2019-10-22-16h33m58s764,0
vlcsnap-2019-10-22-16h34m03s741,0
vlcsnap-2019-10-22-16h34m08s928,0
vlcsnap-2019-10-22-16h34m13s774,0
vlcsnap-2019-10-22-16h34m18s576,0
vlcsnap-2019-10-22-16h34m23s262,0
vlcsnap-2019-10-22-16h34m28s415,0
vlcsnap-2019-10-22-16h34m33s757,0
vlcsnap-2019-10-22-16h34m38s752,0
vlcsnap-2019-10-22-16h34m43s323,0
vlcsnap-2019-10-22-16h34m48s360,0
vlcsnap-2019-10-22-16h34m53s507,0
vlcsnap-2019-10-22-16h34m58s446,0
vlcsnap-2019-10-22-16h35m03s765,0
vlcsnap-2019-10-22-16h35m08s571,0
vlcsnap-2019-10-22-16h35m13s765,0
vlcsnap-2019-10-22-16h35m18s719,0
vlcsnap-2019-10-22-16h35m23s592,0
vlcsnap-2019-10-22-16h35m28s314,0
vlcsnap-2019-10-22-16h35m33s808,0
vlcsnap-2019-10-22-16h35m38s433,0
vlcsnap-2019-10-22-16h35m43s802,0
vlcsnap-2019-10-22-16h35m48s586,0
vlcsnap-2019-10-22-16h35m53s532,0
vlcsnap-2019-10-22-16h35m58s401,0
vlcsnap-2019-10-22-16h36m03s463,0
vlcsnap-2019-10-22-16h36m08s501,0
vlcsnap-2019-10-22-16h36m13s466,0
vlcsnap-2019-10-22-16h36m18s372,0
vlcsnap-2019-10-22-16h36m23s608,0
vlcsnap-2019-10-22-16h36m28s748,0
vlcsnap-2019-10-22-16h36m33s559,0
vlcsnap-2019-10-22-16h36m38s539,0
vlcsnap-2019-10-22-16h36m43s366,0
vlcsnap-2019-10-22-16h36m48s510,0
vlcsnap-2019-10-22-16h36m53s486,0
vlcsnap-2019-10-22-16h36m58s761,0
vlcsnap-2019-10-22-16h37m03s487,0
vlcsnap-2019-10-22-16h37m08s501,0
vlcsnap-2019-10-22-16h37m13s500,0
vlcsnap-2019-10-22-16h37m18s409,0
vlcsnap-2019-10-22-16h37m23s726,0
vlcsnap-2019-10-22-16h37m28s410,0
vlcsnap-2019-10-22-16h37m33s634,0
vlcsnap-2019-10-22-16h37m38s769,0
vlcsnap-2019-10-22-16h37m43s511,0
vlcsnap-2019-10-22-16h37m48s454,0
vlcsnap-2019-10-22-16h37m53s522,0
vlcsnap-2019-10-22-16h37m58s600,0
vlcsnap-2019-10-22-16h38m03s656,0
vlcsnap-2019-10-22-16h38m08s457,0
vlcsnap-2019-10-22-16h38m13s510,0
vlcsnap-2019-10-22-16h38m18s479,0
vlcsnap-2019-10-22-16h38m23s464,0
vlcsnap-2019-10-22-16h38m28s726,0
vlcsnap-2019-10-22-16h38m33s545,0
vlcsnap-2019-10-22-16h38m38s647,0
vlcsnap-2019-10-22-16h38m43s499,0
vlcsnap-2019-10-22-16h38m48s472,0
vlcsnap-2019-10-22-16h38m53s594,0
vlcsnap-2019-10-22-16h38m58s355,0
vlcsnap-2019-10-22-16h39m03s433,0
vlcsnap-2019-10-22-16h39m08s386,0
vlcsnap-2019-10-22-16h39m13s875,0
vlcsnap-2019-10-22-16h39m18s707,0
vlcsnap-2019-10-22-16h39m23s729,0
vlcsnap-2019-10-22-16h39m28s385,0
vlcsnap-2019-10-22-16h39m33s701,0
vlcsnap-2019-10-22-16h39m38s515,0
vlcsnap-2019-10-22-16h42m32s927,3
vlcsnap-2019-10-22-16h42m37s588,17
vlcsnap-2019-10-22-16h42m42s770,1
vlcsnap-2019-10-22-16h42m47s611,7
vlcsnap-2019-10-22-16h42m52s628,10
vlcsnap-2019-10-22-16h42m57s961,21
vlcsnap-2019-10-22-16h43m02s711,17
vlcsnap-2019-10-22-16h43m07s751,10
vlcsnap-2019-10-22-16h43m12s917,0
vlcsnap-2019-10-22-16h43m17s702,0
vlcsnap-2019-10-22-16h43m22s870,0
vlcsnap-2019-10-22-16h43m27s902,0
vlcsnap-2019-10-22-16h43m32s684,0
vlcsnap-2019-10-22-16h43m37s786,3
vlcsnap-2019-10-22-16h43m42s669,2
vlcsnap-2019-10-22-16h43m47s629,0
vlcsnap-2019-10-22-16h43m52s953,2
vlcsnap-2019-10-22-16h43m58s029,4
vlcsnap-2019-10-22-16h44m02s891,1
vlcsnap-2019-10-22-16h44m07s643,11
vlcsnap-2019-10-22-16h44m12s727,16
vlcsnap-2019-10-22-16h44m17s716,18
vlcsnap-2019-10-22-16h44m27s871,7
vlcsnap-2019-10-22-16h44m36s261,16
vlcsnap-2019-10-22-16h44m49s940,4
vlcsnap-2019-10-22-16h44m54s642,4
vlcsnap-2019-10-22-16h44m59s681,0
vlcsnap-2019-10-22-16h45m04s893,0
vlcsnap-2019-10-22-16h45m09s934,0
vlcsnap-2019-10-22-16h45m14s842,0
vlcsnap-2019-10-22-16h45m19s913,0
vlcsnap-2019-10-22-16h45m24s580,0
vlcsnap-2019-10-22-16h45m29s719,0
vlcsnap-2019-10-22-16h45m34s699,0
vlcsnap-2019-10-22-16h45m40s005,0
vlcsnap-2019-10-22-16h45m44s665,0
vlcsnap-2019-10-22-16h45m49s933,4
vlcsnap-2019-10-22-16h45m54s935,5
vlcsnap-2019-10-22-16h45m59s782,7
vlcsnap-2019-10-22-16h46m04s938,6
vlcsnap-2019-10-22-16h46m09s711,8
vlcsnap-2019-10-22-16h46m14s743,8
vlcsnap-2019-10-22-16h46m19s844,4
vlcsnap-2019-10-22-16h46m25s106,1
vlcsnap-2019-10-22-16h46m29s647,1
vlcsnap-2019-10-22-16h46m34s662,0
vlcsnap-2019-10-22-16h46m39s788,0
vlcsnap-2019-10-22-16h46m44s548,0
vlcsnap-2019-10-22-16h46m49s791,0
vlcsnap-2019-10-22-16h46m54s932,0
vlcsnap-2019-10-22-16h46m59s582,0
vlcsnap-2019-10-22-16h47m04s846,0
vlcsnap-2019-10-22-16h47m09s904,0
vlcsnap-2019-10-22-16h47m14s687,0
vlcsnap-2019-10-22-16h47m19s995,0
vlcsnap-2019-10-22-16h47m24s706,0
vlcsnap-2019-10-22-16h47m29s668,0
vlcsnap-2019-10-22-16h47m34s917,0
vlcsnap-2019-10-22-16h47m39s642,0
vlcsnap-2019-10-22-16h47m44s681,0
vlcsnap-2019-10-22-16h47m49s617,0
vlcsnap-2019-10-22-16h47m54s623,0
vlcsnap-2019-10-22-16h47m59s875,0
vlcsnap-2019-10-22-16h48m04s925,0
vlcsnap-2019-10-22-16h48m09s676,0
vlcsnap-2019-10-22-16h48m14s852,0
vlcsnap-2019-10-22-16h48m19s649,0
vlcsnap-2019-10-22-16h48m28s597,0
vlcsnap-2019-10-22-16h48m37s749,0
vlcsnap-2019-10-22-16h48m45s134,0
vlcsnap-2019-10-22-16h48m49s918,0
vlcsnap-2019-10-22-16h48m54s893,0
vlcsnap-2019-10-22-16h49m00s233,0
vlcsnap-2019-10-22-16h49m04s931,0
vlcsnap-2019-10-22-16h49m09s888,0
vlcsnap-2019-10-22-16h49m15s104,0
vlcsnap-2019-10-22-16h49m19s906,0
vlcsnap-2019-10-22-16h49m25s095,0
vlcsnap-2019-10-22-16h49m30s121,0
vlcsnap-2019-10-22-16h49m34s852,0
vlcsnap-2019-10-22-16h49m40s185,0
vlcsnap-2019-10-22-16h49m44s914,0
vlcsnap-2019-10-22-16h52m48s265,21
vlcsnap-2019-10-22-16h59m26s150,0
vlcsnap-2019-10-22-17h02m32s065,0
vlcsnap-2019-10-22-17h02m39s119,11
vlcsnap-2019-10-22-17h02m44s224,6
vlcsnap-2019-10-22-17h02m49s003,7
vlcsnap-2019-10-22-17h02m53s956,6
vlcsnap-2019-10-22-17h02m58s962,1
vlcsnap-2019-10-22-17h03m03s925,1
vlcsnap-2019-10-22-17h03m08s878,0
vlcsnap-2019-10-22-17h03m13s940,0
vlcsnap-2019-10-22-17h03m18s962,0
vlcsnap-2019-10-22-17h03m23s857,0
vlcsnap-2019-10-22-17h03m29s070,0
vlcsnap-2019-10-22-17h03m34s215,0
vlcsnap-2019-10-22-17h03m39s178,0
vlcsnap-2019-10-22-17h03m44s231,0
vlcsnap-2019-10-22-17h03m49s181,0
vlcsnap-2019-10-22-17h03m54s186,1
vlcsnap-2019-10-22-17h03m59s168,2
vlcsnap-2019-10-22-17h04m03s968,6
vlcsnap-2019-10-22-17h04m08s887,5
vlcsnap-2019-10-22-17h04m13s927,2
vlcsnap-2019-10-22-17h04m18s932,5
vlcsnap-2019-10-22-17h04m23s986,6
vlcsnap-2019-10-22-17h04m28s907,0
vlcsnap-2019-10-22-17h04m34s005,0
vlcsnap-2019-10-22-17h04m39s166,1
vlcsnap-2019-10-22-17h04m43s923,0
vlcsnap-2019-10-22-17h04m49s156,0
vlcsnap-2019-10-22-17h04m54s118,0
vlcsnap-2019-10-22-17h04m59s153,0
vlcsnap-2019-10-22-17h05m04s181,0
vlcsnap-2019-10-22-17h05m09s242,0
vlcsnap-2019-10-22-17h05m14s271,0
vlcsnap-2019-10-22-17h05m18s894,0
vlcsnap-2019-10-22-17h05m24s408,0
vlcsnap-2019-10-22-17h05m28s882,0
vlcsnap-2019-10-22-17h05m34s027,0
vlcsnap-2019-10-22-17h05m38s904,0
vlcsnap-2019-10-22-17h05m44s002,3
vlcsnap-2019-10-22-17h05m48s876,6
vlcsnap-2019-10-22-17h05m54s120,8
vlcsnap-2019-10-22-17h05m59s205,2
vlcsnap-2019-10-22-17h06m04s271,0
vlcsnap-2019-10-22-17h06m09s177,0
vlcsnap-2019-10-22-17h06m14s281,0
vlcsnap-2019-10-22-17h06m19s040,0
vlcsnap-2019-10-22-17h06m24s269,2
vlcsnap-2019-10-22-17h06m29s058,3
vlcsnap-2019-10-22-17h06m33s925,3
vlcsnap-2019-10-22-17h06m39s058,3
vlcsnap-2019-10-22-17h06m43s920,2
vlcsnap-2019-10-22-17h06m49s011,0
vlcsnap-2019-10-22-17h06m53s951,0
vlcsnap-2019-10-22-17h06m59s026,0
vlcsnap-2019-10-22-17h07m04s039,0
vlcsnap-2019-10-22-17h07m09s176,0
vlcsnap-2019-10-22-17h07m13s940,0
vlcsnap-2019-10-22-17h07m19s126,0
vlcsnap-2019-10-22-17h07m24s320,0
vlcsnap-2019-10-22-17h07m29s222,0
vlcsnap-2019-10-22-17h07m33s972,0
vlcsnap-2019-10-22-17h07m39s005,0
vlcsnap-2019-10-22-17h07m44s032,0
vlcsnap-2019-10-22-17h07m49s079,0
vlcsnap-2019-10-22-17h07m53s897,0
vlcsnap-2019-10-22-17h07m58s969,0
vlcsnap-2019-10-22-17h08m04s031,0
vlcsnap-2019-10-22-17h08m09s036,0
vlcsnap-2019-10-22-17h08m13s873,0
vlcsnap-2019-10-22-17h08m19s008,0
vlcsnap-2019-10-22-17h08m24s266,0
vlcsnap-2019-10-22-17h08m29s203,0
vlcsnap-2019-10-22-17h08m34s202,0
vlcsnap-2019-10-22-17h08m39s270,0
vlcsnap-2019-10-22-17h08m44s125,0
vlcsnap-2019-10-22-17h08m49s160,0
vlcsnap-2019-10-22-17h08m54s155,0
vlcsnap-2019-10-22-17h08m58s913,0
vlcsnap-2019-10-22-17h09m03s982,0
vlcsnap-2019-10-22-17h09m09s015,0
vlcsnap-2019-10-22-17h09m13s968,0
vlcsnap-2019-10-22-17h09m18s966,0
vlcsnap-2019-10-22-17h09m24s444,0
vlcsnap-2019-10-22-17h09m29s147,0
vlcsnap-2019-10-22-17h09m33s447,0
vlcsnap-2019-10-22-17h09m38s891,0
vlcsnap-2019-10-22-17h09m44s135,0
vlcsnap-2019-10-22-17h09m49s200,0
vlcsnap-2019-10-22-17h09m54s226,0
vlcsnap-2019-10-22-17h09m59s255,0
vlcsnap-2019-10-22-17h10m04s259,0
vlcsnap-2019-10-22-17h10m09s216,0
vlcsnap-2019-10-22-17h10m13s947,0
vlcsnap-2019-10-22-17h10m19s126,0
vlcsnap-2019-10-22-17h10m23s940,0
vlcsnap-2019-10-22-17h10m28s836,0
vlcsnap-2019-10-22-17h10m33s920,0
vlcsnap-2019-10-22-17h10m38s977,0
vlcsnap-2019-10-22-17h10m43s889,0
vlcsnap-2019-10-22-17h10m48s857,0
vlcsnap-2019-10-22-17h10m54s157,0
vlcsnap-2019-10-22-17h10m59s088,0
vlcsnap-2019-10-22-17h11m04s127,0
vlcsnap-2019-10-22-17h11m09s199,0
vlcsnap-2019-10-22-17h11m14s221,0
vlcsnap-2019-10-22-17h11m19s193,0
vlcsnap-2019-10-22-17h11m24s036,0
vlcsnap-2019-10-22-17h11m28s972,0
vlcsnap-2019-10-22-17h11m34s060,0
vlcsnap-2019-10-22-17h24m42s880,0
vlcsnap-2019-10-22-17h24m56s218,0
vlcsnap-2019-10-22-17h25m01s001,0
vlcsnap-2019-10-22-17h25m06s005,0
vlcsnap-2019-10-22-17h25m11s167,0
vlcsnap-2019-10-22-17h25m16s043,0
vlcsnap-2019-10-22-17h25m20s929,0
vlcsnap-2019-10-22-17h25m25s972,0
vlcsnap-2019-10-22-17h25m30s898,0
vlcsnap-2019-10-22-17h25m36s061,2
vlcsnap-2019-10-22-17h25m41s010,0
vlcsnap-2019-10-22-17h25m46s178,0
vlcsnap-2019-10-22-17h25m51s206,0
vlcsnap-2019-10-22-17h25m56s165,0
vlcsnap-2019-10-22-17h26m00s981,0
vlcsnap-2019-10-22-17h26m06s031,0
vlcsnap-2019-10-22-17h26m11s064,0
vlcsnap-2019-10-22-17h26m16s258,0
vlcsnap-2019-10-22-17h26m21s059,0
vlcsnap-2019-10-22-17h26m26s202,0
vlcsnap-2019-10-30-12h20m31s099,0
vlcsnap-2019-10-30-12h20m37s105,0
vlcsnap-2019-10-30-12h24m23s813,1
vlcsnap-2019-10-30-12h24m31s147,1
vlcsnap-2019-10-30-12h24m38s165,1
vlcsnap-2019-10-30-12h24m45s708,0
vlcsnap-2019-10-30-12h24m50s757,0
vlcsnap-2019-10-30-12h24m56s065,0
vlcsnap-2019-10-30-12h24m58s956,0
vlcsnap-2019-10-30-12h25m04s271,0
vlcsnap-2019-10-30-12h25m09s125,0
vlcsnap-2019-10-30-12h25m13s008,0
vlcsnap-2019-10-30-12h25m18s848,0
vlcsnap-2019-10-30-12h25m25s013,0
vlcsnap-2019-10-30-12h25m34s329,0
vlcsnap-2019-10-30-12h25m42s365,2
vlcsnap-2019-10-30-12h25m54s372,7
vlcsnap-2019-10-30-12h25m59s904,5
vlcsnap-2019-10-30-12h26m05s986,2
vlcsnap-2019-10-30-12h26m11s516,5
vlcsnap-2019-10-30-12h26m16s065,6
vlcsnap-2019-10-30-12h26m21s375,1
vlcsnap-2019-10-30-12h26m30s040,0
vlcsnap-2019-10-30-12h26m35s131,1
vlcsnap-2019-10-30-12h26m41s160,0
vlcsnap-2019-10-30-12h26m46s671,0
vlcsnap-2019-10-30-12h26m52s022,0
vlcsnap-2019-10-30-12h26m59s285,0
vlcsnap-2019-10-30-12h27m06s185,0
vlcsnap-2019-10-30-12h27m11s991,0
vlcsnap-2019-10-30-12h27m17s706,0
vlcsnap-2019-10-30-12h27m22s935,0
vlcsnap-2019-10-30-12h27m31s218,0
vlcsnap-2019-10-30-12h27m37s701,0
vlcsnap-2019-10-30-12h27m43s947,0
vlcsnap-2019-10-30-12h27m50s683,0
vlcsnap-2019-10-30-12h27m55s373,0
vlcsnap-2019-10-30-12h28m03s749,3
vlcsnap-2019-10-30-12h28m49s489,6
vlcsnap-2019-10-30-12h29m02s857,8
vlcsnap-2019-10-30-12h29m09s828,2
vlcsnap-2019-10-30-12h29m16s735,0
vlcsnap-2019-10-30-12h29m24s521,0
vlcsnap-2019-10-30-12h29m28s952,0
vlcsnap-2019-10-30-12h29m37s127,0
vlcsnap-2019-10-30-12h29m42s445,0
vlcsnap-2019-10-30-12h29m50s460,3
vlcsnap-2019-10-30-12h29m58s228,3
vlcsnap-2019-10-30-12h30m08s803,3
vlcsnap-2019-10-30-12h30m16s229,2
vlcsnap-2019-10-30-12h30m21s638,0
vlcsnap-2019-10-30-12h30m28s672,0
vlcsnap-2019-10-30-12h30m35s811,0
vlcsnap-2019-10-30-12h30m40s974,0
vlcsnap-2019-10-30-12h30m46s253,0
vlcsnap-2019-10-30-12h30m51s556,0
vlcsnap-2019-10-30-12h31m10s679,0
vlcsnap-2019-10-30-12h31m17s093,0
vlcsnap-2019-10-30-12h31m22s406,0
vlcsnap-2019-10-30-12h31m28s871,0
vlcsnap-2019-10-30-12h31m34s809,0
vlcsnap-2019-10-30-12h31m50s265,0
vlcsnap-2019-10-30-12h31m56s736,0
vlcsnap-2019-10-30-12h32m02s086,0
vlcsnap-2019-10-30-12h32m09s967,0
vlcsnap-2019-10-30-12h32m15s272,0
vlcsnap-2019-07-08-12h33m50s005,2
vlcsnap-2019-07-08-12h33m54s044,2
vlcsnap-2019-07-08-12h33m59s368,0
vlcsnap-2019-07-08-12h34m06s030,0
vlcsnap-2019-07-08-12h34m09s699,0
vlcsnap-2019-07-08-12h34m16s505,0
vlcsnap-2019-07-08-12h34m20s616,0
vlcsnap-2019-07-08-12h34m25s493,0
vlcsnap-2019-07-08-12h34m30s944,0
vlcsnap-2019-07-08-12h34m34s723,0
vlcsnap-2019-07-08-12h34m38s566,2
vlcsnap-2019-07-08-12h34m44s470,0
vlcsnap-2019-07-08-12h34m48s372,0
vlcsnap-2019-07-08-12h34m54s166,1
vlcsnap-2019-07-08-12h34m58s695,1
vlcsnap-2019-07-08-12h35m02s647,0
vlcsnap-2019-07-08-12h35m08s346,0
vlcsnap-2019-07-08-12h35m15s814,3
vlcsnap-2019-07-08-12h35m22s095,3
vlcsnap-2019-07-08-12h35m32s164,1
vlcsnap-2019-07-08-12h35m36s917,0
vlcsnap-2019-07-08-12h35m41s151,0
vlcsnap-2019-07-08-12h35m46s178,0
vlcsnap-2019-07-08-12h35m53s037,0
vlcsnap-2019-07-08-12h35m57s561,0
vlcsnap-2019-07-08-12h36m01s604,0
vlcsnap-2019-07-08-12h36m04s556,0
vlcsnap-2019-07-08-12h36m09s229,0
vlcsnap-2019-07-08-12h36m14s128,0
vlcsnap-2019-07-08-12h36m20s245,0
vlcsnap-2019-07-08-12h36m24s784,1
vlcsnap-2019-07-08-12h36m30s023,2
vlcsnap-2019-07-08-12h36m35s919,2
vlcsnap-2019-07-08-12h36m40s051,0
vlcsnap-2019-07-08-12h36m45s570,1
vlcsnap-2019-07-08-12h36m55s138,2
vlcsnap-2019-07-08-12h37m02s968,3
vlcsnap-2019-07-08-12h37m07s411,8
vlcsnap-2019-07-08-12h37m22s713,0
vlcsnap-2019-07-08-12h37m27s176,0
vlcsnap-2019-07-08-12h37m33s017,1
vlcsnap-2019-07-08-12h37m37s527,1
vlcsnap-2019-07-08-12h37m43s273,2
vlcsnap-2019-07-08-12h37m47s454,0
vlcsnap-2019-07-08-12h37m53s402,0
vlcsnap-2019-07-08-12h37m59s324,0
vlcsnap-2019-07-08-12h38m04s664,0
vlcsnap-2019-07-08-12h38m10s598,0
vlcsnap-2019-07-08-12h38m17s568,0
vlcsnap-2019-07-08-12h38m23s725,0
vlcsnap-2019-07-08-12h38m29s701,0
vlcsnap-2019-07-08-12h38m34s147,1
vlcsnap-2019-07-08-12h38m41s200,1
vlcsnap-2019-07-08-12h38m47s100,1
vlcsnap-2019-07-08-12h38m51s077,0
vlcsnap-2019-07-08-12h38m55s969,0
vlcsnap-2019-07-08-12h39m01s065,0
vlcsnap-2019-07-08-12h39m06s431,0
vlcsnap-2019-07-08-12h39m13s238,0
vlcsnap-2019-07-08-12h39m18s543,0
vlcsnap-2019-07-08-12h39m25s187,0
vlcsnap-2019-07-08-12h39m32s445,0
vlcsnap-2019-07-08-12h39m38s484,0
vlcsnap-2019-07-08-12h39m44s045,0
vlcsnap-2019-07-08-12h39m47s731,0
vlcsnap-2019-07-08-12h39m53s113,0
vlcsnap-2019-07-08-12h39m58s212,0
vlcsnap-2019-07-08-12h40m04s525,0
vlcsnap-2019-07-08-12h40m09s425,0
vlcsnap-2019-07-08-12h40m15s024,0
vlcsnap-2019-07-08-12h40m19s391,0
vlcsnap-2019-07-08-12h40m25s310,0
vlcsnap-2019-07-08-12h40m33s214,0
vlcsnap-2019-07-08-12h40m37s344,0
vlcsnap-2019-07-08-12h40m42s622,0
vlcsnap-2019-07-08-12h40m48s702,0
vlcsnap-2019-07-08-12h40m54s969,0
vlcsnap-2019-07-08-12h41m01s051,0
vlcsnap-2019-07-08-12h41m06s176,0
vlcsnap-2019-07-08-12h41m10s779,0
vlcsnap-2019-07-08-12h41m16s268,0
vlcsnap-2019-07-08-12h41m22s728,0
vlcsnap-2019-07-08-12h41m30s921,0
vlcsnap-2019-07-08-12h41m38s706,0
vlcsnap-2019-07-08-12h41m44s512,0
vlcsnap-2019-07-08-12h41m54s023,0
vlcsnap-2019-07-08-12h42m03s726,0
vlcsnap-2019-07-08-12h42m14s344,0
vlcsnap-2019-07-08-12h49m09s355,0
vlcsnap-2019-07-08-12h49m14s131,0
vlcsnap-2019-07-08-12h49m21s026,0
vlcsnap-2019-07-08-12h49m25s624,0
vlcsnap-2019-07-08-12h49m32s576,0
vlcsnap-2019-07-08-12h49m41s449,0
vlcsnap-2019-07-08-12h49m47s353,0
vlcsnap-2019-07-08-12h49m53s313,17
vlcsnap-2019-07-08-12h50m00s456,0
vlcsnap-2019-07-08-12h50m17s655,0
vlcsnap-2019-07-08-12h50m31s831,0
vlcsnap-2019-07-08-12h50m35s530,0
vlcsnap-2019-07-08-12h50m38s041,0
vlcsnap-2019-07-08-12h50m41s012,0
vlcsnap-2019-07-08-12h50m44s411,1
vlcsnap-2019-07-08-12h50m48s205,3
vlcsnap-2019-07-08-12h50m53s131,4
vlcsnap-2019-07-08-12h50m58s684,5
vlcsnap-2019-07-08-12h51m02s957,4
vlcsnap-2019-07-08-12h51m08s799,2
vlcsnap-2019-07-08-12h51m13s843,4
vlcsnap-2019-07-08-12h51m17s491,3
vlcsnap-2019-07-08-12h51m20s814,0
vlcsnap-2019-07-08-12h51m26s771,0
vlcsnap-2019-07-08-12h51m30s775,0
vlcsnap-2019-07-08-12h51m33s795,2
vlcsnap-2019-07-08-12h51m37s440,4
vlcsnap-2019-07-08-12h51m40s993,3
vlcsnap-2019-07-08-12h51m50s719,3
vlcsnap-2019-07-08-12h52m01s832,2
vlcsnap-2019-07-08-12h52m26s440,0
vlcsnap-2019-07-08-12h52m31s024,0
vlcsnap-2019-07-08-12h52m38s604,0
vlcsnap-2019-07-08-12h52m45s178,1
vlcsnap-2019-07-08-12h52m48s899,2
vlcsnap-2019-07-08-12h52m54s469,2
vlcsnap-2019-07-08-12h52m58s571,5
vlcsnap-2019-07-08-12h53m05s889,3
vlcsnap-2019-07-08-12h53m12s422,1
vlcsnap-2019-07-08-12h53m18s310,0
vlcsnap-2019-07-08-12h53m25s608,0
vlcsnap-2019-07-08-12h53m32s348,0
vlcsnap-2019-07-08-12h53m43s252,0
vlcsnap-2019-07-08-12h53m49s401,0
vlcsnap-2019-07-08-12h54m03s882,0
vlcsnap-2019-07-08-12h54m09s984,0
vlcsnap-2019-07-08-12h54m14s681,0
vlcsnap-2019-07-08-12h54m18s115,0
vlcsnap-2019-07-08-12h54m35s924,0
vlcsnap-2019-07-08-12h54m43s178,0
vlcsnap-2019-07-08-12h55m35s869,0
vlcsnap-2019-07-08-12h55m39s401,0
vlcsnap-2019-07-08-12h55m45s410,0
vlcsnap-2019-07-08-12h55m53s122,0
vlcsnap-2019-07-08-12h55m57s760,0
vlcsnap-2019-07-08-12h56m03s117,0
vlcsnap-2019-07-08-12h56m08s885,0
